Date,Open,High,Low,Close,Volume,Turnover
2020-01-01,32237.9,32348.0,32057.2,32102.9,184671555,31839699999.999996
2020-01-02,32133.15,32465.45,32121.4,32443.85,253558509,43103400000.0
2020-01-03,32326.95,32329.8,31960.4,32069.25,217584385,45376500000.0
2020-01-06,31910.45,31914.45,31170.55,31237.15,256236748,50485300000.0
2020-01-07,31598.05,31851.45,31200.9,31399.4,294368120,66363700000.0
2020-01-08,30995.5,31451.85,30899.55,31373.65,304484779,61502800000.0
2020-01-09,31748.25,32172.7,31667.15,32092.4,307977487,60138500000.0
2020-01-10,32215.7,32347.2,31953.4,32097.4,444709730,63624600000.0
2020-01-13,32139.1,32322.65,32074.05,32177.65,291441682,44031100000.0
2020-01-14,32196.45,32196.45,31989.2,32071.65,438912100,71850000000.0
2020-01-15,31994.75,32000.9,31670.35,31824.9,545708720,77226800000.0
2020-01-16,31810.55,31988.9,31692.4,31853.9,253715802,56180100000.0
2020-01-17,31571.65,31773.55,31445.5,31590.65,308136774,74049500000.0
2020-01-20,31923.95,31923.95,31050.95,31080.65,282225576,77960600000.0
2020-01-21,30978.85,31171.25,30858.6,30947.55,227481016,61144600000.0
2020-01-22,31061.6,31149.05,30614.0,30701.45,200582131,60873500000.0
2020-01-23,30742.2,31087.25,30621.35,31004.05,343817897,72424900000.0
2020-01-24,31040.1,31375.45,30879.05,31241.75,424623379,65388100000.00001
2020-01-27,31110.55,31227.05,30808.55,30837.4,309934514,72076900000.0
2020-01-28,30922.0,31048.45,30656.35,30761.4,239604935,57073900000.0
2020-01-29,30915.1,31082.85,30835.8,30877.0,268788386,51052800000.0
2020-01-30,30889.25,30909.5,30521.3,30647.4,328858847,54106100000.0
2020-01-31,30950.5,31033.45,30691.8,30833.6,333435455,88921500000.0
2020-02-01,30726.2,30918.6,29753.0,29820.9,255295791,54519500000.0
2020-02-03,29811.75,30105.8,29612.55,30023.25,337112135,71231900000.0
2020-02-04,30235.3,30776.95,30182.45,30686.7,336610481,67194300000.0
2020-02-05,30761.95,31065.85,30630.85,31001.95,427604425,63801300000.0
2020-02-06,31070.75,31470.65,30917.25,31304.05,334000323,70418100000.0
2020-02-07,31367.05,31368.2,31111.05,31201.95,254381768,47629600000.0
2020-02-10,31248.65,31248.8,30957.2,31058.15,239696426,40873000000.0
2020-02-11,31230.2,31505.95,31225.9,31300.6,198887095,45325100000.0
2020-02-12,31441.15,31588.6,31398.15,31492.9,225958605,54115300000.0
2020-02-13,31586.55,31649.45,31180.6,31230.25,303030451,57800400000.0
2020-02-14,31281.85,31436.65,30776.1,30834.8,341366207,67322299999.99999
2020-02-17,30873.85,30998.15,30630.5,30680.7,251931924,51001800000.0
2020-02-18,30661.5,30692.75,30252.45,30562.5,398866924,63534799999.99999
2020-02-19,30905.0,30947.15,30606.15,30838.2,268822099,59189300000.0
2020-02-20,30862.3,31085.3,30702.45,30942.85,273065120,66470500000.0
2020-02-24,30666.35,30702.15,30428.0,30455.1,254235861,60063400000.0
2020-02-25,30517.0,30610.7,30329.95,30432.7,215913422,50709500000.0
2020-02-26,30279.95,30515.35,30131.75,30306.85,290964252,58850900000.0
2020-02-27,30270.0,30271.95,29914.15,30187.0,358020830,73214500000.0
2020-02-28,29501.55,29564.1,29051.5,29147.15,386879090,92812700000.0
2020-03-02,29701.0,29791.15,28571.7,28868.4,368259606,80265900000.0
2020-03-03,29012.55,29285.35,28749.55,29177.05,367320137,71528900000.0
2020-03-04,29252.95,29273.65,28125.15,28653.7,425845356,86458799999.99998
2020-03-05,28830.3,29134.3,28535.6,28815.35,1075709340,120629200000.0
2020-03-06,27649.95,28047.2,27162.3,27801.45,1568142743,120093200000.0
2020-03-09,27031.45,27091.6,25923.4,26462.6,1058982970,121825200000.0
2020-03-11,26272.75,26791.45,26234.1,26487.8,723295485,107209700000.0
2020-03-12,25175.9,25223.1,23536.35,23971.15,760576349,135856000000.0
2020-03-13,22720.75,25670.75,21351.7,25166.45,783385213,162473700000.0
2020-03-16,24061.6,24074.15,23008.25,23101.15,481906496,95864000000.0
2020-03-17,23348.05,23449.5,22002.0,22155.15,537689478,105772099999.99998
2020-03-18,22411.85,22544.05,20267.95,20580.2,875287959,174402300000.0
2020-03-19,19428.95,21035.05,18675.65,20083.5,476621914,120189400000.0
2020-03-20,19898.3,20924.55,19265.0,20317.6,501768418,136984500000.0
2020-03-23,18311.3,18895.65,16791.05,16917.65,307639369,78073200000.0
2020-03-24,17705.85,17841.4,16116.25,17107.3,391702593,99059000000.0
2020-03-25,16759.95,18740.2,16635.5,18481.05,394556026,97915400000.00002
2020-03-26,18781.85,20409.35,18364.5,19613.9,482884243,133353600000.0
2020-03-27,20801.6,21462.4,19580.1,19969.0,539418047,149460800000.0
2020-03-30,19254.45,19716.25,18668.7,18782.4,326991879,91376500000.0
2020-03-31,19307.65,19466.3,18792.4,19144.0,309805792,82415300000.0
2020-04-01,19122.4,19154.75,18042.25,18208.35,274864724,74008700000.0
2020-04-03,18325.05,18326.1,17143.2,17249.3,342530350,84970100000.0
2020-04-07,18454.55,19190.55,17953.75,19062.5,435419014,117586100000.0
2020-04-08,18799.4,20324.1,18482.9,18946.45,508444556,137100900000.0
2020-04-09,19553.15,19988.3,19166.9,19913.6,389986610,102294000000.0
2020-04-13,19854.9,19887.05,19294.0,19488.0,288209448,76340400000.0
2020-04-15,20096.35,20184.1,18776.75,19057.05,389865463,111883900000.0
2020-04-16,18957.15,19520.3,18703.45,19400.0,350278671,104047500000.0
2020-04-17,20394.75,20866.55,19729.3,20681.45,475038288,125867099999.99998
2020-04-20,21104.7,21122.1,20444.25,20522.65,438637821,117426400000.0
2020-04-21,19812.05,19891.45,19247.95,19409.35,311922545,82485100000.0
2020-04-22,19306.95,19806.35,19051.95,19701.85,349355747,90910500000.0
2020-04-23,19871.35,20356.5,19584.4,20267.95,325385187,89945900000.0
2020-04-24,19697.65,19950.15,19515.4,19586.65,305735017,80198900000.0
2020-04-27,19870.8,20224.75,19847.65,20081.15,299864446,80823200000.0
2020-04-28,20436.6,20751.3,20260.8,20671.1,367772101,103391500000.0
2020-04-29,20440.4,21348.15,20393.65,21090.2,400629555,123319500000.0
2020-04-30,21589.2,21967.0,21353.65,21534.5,471511130,111589100000.0
2020-05-04,20514.75,20530.45,19643.6,19743.75,328804506,76351900000.0
2020-05-05,20147.3,20223.15,19212.35,19271.75,381269938,90954000000.0
2020-05-06,19302.45,19806.6,18941.0,19694.55,395557269,97973500000.0
2020-05-07,19536.05,19757.25,19332.15,19491.8,300140979,77063100000.0
2020-05-08,19844.0,19969.6,19285.05,19352.9,330610646,79837400000.0
2020-05-11,19610.45,19733.4,18900.9,18950.5,342556509,86102500000.0
2020-05-12,18751.4,18993.4,18287.0,18862.85,395412970,104022000000.0
2020-05-13,20017.75,20122.25,19429.9,19634.95,520830667,120555600000.0
2020-05-14,19197.7,19380.1,19024.75,19068.5,333038859,77581700000.0
2020-05-15,19098.8,19119.1,18683.65,18833.95,240590869,55983200000.0
2020-05-18,18795.1,18795.1,17514.2,17573.2,434763906,99805000000.0
2020-05-19,18037.15,18175.3,17390.65,17486.25,415466049,95417600000.0
2020-05-20,17486.5,18002.65,17407.7,17840.2,326225920,75252400000.0
2020-05-21,17901.95,18200.7,17658.55,17735.1,347575113,77481200000.0
2020-05-22,17554.25,17952.25,17105.0,17278.9,484792159,99919500000.0
2020-05-26,17537.65,17681.7,17311.25,17440.35,336758208,68543700000.0
2020-05-27,17603.4,18874.25,17560.35,18710.55,538003230,129058200000.0
2020-05-28,18924.45,19455.55,18818.95,19169.8,561124154,143814000000.0
2020-05-29,18962.0,19358.05,18729.9,19297.25,581732090,109227600000.0
2020-06-01,19728.9,20225.35,19632.9,19959.9,558065113,102633200000.0
2020-06-02,20120.6,20615.75,19852.55,20530.2,448324616,113345400000.00002
2020-06-03,20966.6,21619.55,20822.0,20940.7,616871764,141897700000.0
2020-06-04,20932.35,21141.8,20316.2,20390.45,587859629,118401700000.0
2020-06-05,20516.4,21198.7,20425.05,21034.5,637447046,119504200000.0
2020-06-08,21636.1,21807.4,20911.25,21187.35,748110342,147842200000.0
2020-06-09,21295.5,21568.85,20629.7,20724.9,641246103,142423200000.0
2020-06-10,20760.95,21251.45,20671.55,21100.1,582992179,121217300000.0
2020-06-11,21084.7,21244.45,20458.3,20525.15,747065326,150021400000.0
2020-06-12,19529.3,20747.7,19526.1,20654.55,599190078,139356500000.0
2020-06-15,20457.15,20470.85,19740.2,19912.9,465009106,107073000000.0
2020-06-16,20500.65,20638.85,19507.05,20296.7,552448328,139035200000.0
2020-06-17,20137.45,20627.9,19978.15,20201.75,453526032,110145500000.0
2020-06-18,20137.6,21028.35,20030.35,20956.3,362837078,94721200000.00002
2020-06-19,20970.1,21467.65,20878.25,21338.1,523371321,131752900000.00002
2020-06-22,21491.55,22078.25,21425.55,21708.35,664606529,122249200000.0
2020-06-23,21859.25,22322.3,21647.8,22264.9,527935624,108725100000.0
2020-06-24,22479.35,22479.55,21336.35,21426.8,684574815,144671700000.0
2020-06-25,21218.05,21703.5,20926.45,21506.15,586179820,156026800000.0
2020-06-26,21735.05,21784.65,21320.1,21592.05,375592321,98985100000.0
2020-06-29,21291.55,21440.05,21026.45,21359.0,328004604,86066900000.0
2020-06-30,21524.3,21650.5,21212.0,21370.15,292655825,82089200000.0
2020-07-01,21354.1,22061.6,21281.85,21977.6,385956486,102679700000.0
2020-07-02,22133.8,22344.85,21890.5,21953.2,398994350,110778700000.00002
2020-07-03,22101.75,22130.3,21768.0,21852.4,256179957,70845000000.0
2020-07-06,22270.95,22399.25,22171.05,22198.95,290921694,78845400000.0
2020-07-07,22254.3,22674.5,22040.35,22628.0,455766093,116525500000.0
2020-07-08,22700.9,23080.6,22499.5,22584.65,673130542,163124000000.0
2020-07-09,22753.15,22998.3,22673.4,22907.2,355982560,89988500000.0
2020-07-10,22720.95,22835.2,22320.05,22398.45,457099610,89696299999.99998
2020-07-13,22613.25,22657.4,21981.65,22089.25,293704011,75166400000.0
2020-07-14,21877.6,21909.7,21222.45,21392.2,338499620,81348100000.0
2020-07-15,21634.25,21935.5,21230.55,21340.75,359145119,87481500000.0
2020-07-16,21453.25,21671.25,21027.85,21597.15,348563989,78389700000.0
2020-07-17,21608.05,22065.0,21550.8,21966.8,294921788,74044500000.0
2020-07-20,22307.3,22520.45,22187.8,22321.85,349653489,101724500000.0
2020-07-21,22639.85,22861.9,22597.95,22782.0,316649600,97443900000.0
2020-07-22,23159.0,23211.35,22658.2,22882.6,412721326,113497400000.0
2020-07-23,22854.85,23122.35,22734.9,23083.9,307580829,80387600000.0
2020-07-24,22853.2,22854.05,22417.2,22662.05,436264876,99081700000.0
2020-07-27,22664.6,22668.05,21801.35,21848.75,340888880,94075300000.0
2020-07-28,21940.15,22233.0,21611.4,22105.2,379785455,114785800000.0
2020-07-29,22075.0,22346.4,21906.35,22076.6,400357048,101635600000.0
2020-07-30,22195.05,22252.6,21580.15,21646.85,299568955,76622700000.0
2020-07-31,21730.55,21806.95,21375.0,21640.05,397341689,93452000000.0
2020-08-03,21543.8,21543.8,21031.45,21072.1,431029295,111518700000.00002
2020-08-04,21248.25,21576.35,21057.75,21490.5,297019822,91523400000.0
2020-08-05,21686.85,21936.5,21448.4,21509.95,338829581,88180100000.0
2020-08-06,21644.25,21926.55,21370.3,21642.6,386597915,95753900000.0
2020-08-07,21620.25,21787.25,21451.3,21754.0,378616471,76861400000.0
2020-08-10,21824.9,22071.95,21795.1,21900.25,261796164,59437600000.0
2020-08-11,22050.2,22277.6,22039.85,22227.2,377912975,81375000000.0
2020-08-12,22135.95,22326.55,21990.2,22264.0,507472323,93239400000.0
2020-08-13,22395.2,22439.95,22139.6,22196.35,289096635,64791700000.0
2020-08-14,22334.95,22334.95,21459.1,21679.4,318837489,71379900000.0
2020-08-17,21906.95,21909.4,21403.15,21700.85,263359893,61330500000.0
2020-08-18,21702.0,22227.75,21629.4,22170.6,311809274,68155900000.0
2020-08-19,22315.4,22419.35,22234.25,22285.9,348005901,68261700000.0
2020-08-20,21989.9,22079.9,21886.7,21999.45,314838525,72004900000.0
2020-08-21,22190.7,22344.05,22165.05,22299.6,347083160,74521500000.0
2020-08-24,22436.85,22897.5,22410.05,22833.0,346273118,80229100000.0
2020-08-25,22973.4,23180.3,22857.9,23092.15,422190044,102818900000.0
2020-08-26,23175.55,23453.4,23093.15,23414.2,337920632,95388100000.0
2020-08-27,23511.45,23704.05,23464.15,23600.35,430926732,116476700000.0
2020-08-28,23635.3,24611.8,23599.2,24523.8,812646625,199237200000.0
2020-08-31,25038.8,25232.6,23385.3,23754.35,712975732,187302700000.0
2020-09-01,23893.8,24199.65,23473.15,23812.0,484334092,116539900000.0
2020-09-02,23769.0,23926.15,23482.55,23874.55,293508250,73412100000.0
2020-09-03,23986.15,24051.6,23451.65,23530.85,214818095,58491500000.0
2020-09-04,23119.15,23394.8,22876.9,23011.5,341042607,86343300000.0
2020-09-07,23036.25,23109.1,22716.25,22945.05,245264124,59861400000.0
2020-09-08,22971.2,23064.15,22641.4,22744.4,231451727,59076400000.0
2020-09-09,22486.7,22554.6,22080.4,22267.0,305088443,72127400000.0
2020-09-10,22466.55,22678.65,22225.25,22466.2,278551123,70792100000.0
2020-09-11,22509.95,22668.75,22205.95,22479.95,214789265,57675800000.0
2020-09-14,22683.35,22757.3,22028.15,22101.25,265397711,65127800000.0
2020-09-15,22202.8,22514.15,22062.35,22465.65,248826760,61319300000.0
2020-09-16,22476.3,22659.4,22216.5,22573.55,245862302,61805600000.00001
2020-09-17,22352.0,22504.45,22267.05,22320.35,216408615,51167200000.0
2020-09-18,22439.35,22469.4,21784.9,22031.05,320585881,86910800000.0
2020-09-21,21983.4,22098.85,21274.3,21366.8,283525089,68464399999.99999
2020-09-22,21445.25,21473.35,20958.45,21139.1,325400312,73246100000.0
2020-09-23,21350.8,21365.05,20821.0,21178.5,299197195,57663100000.00001
2020-09-24,20898.8,20955.6,20404.9,20456.85,276420580,62186300000.0
2020-09-25,20740.8,21064.3,20430.7,20982.35,280646576,59025700000.0
2020-09-28,21152.05,21708.85,21055.1,21665.5,240223120,55509600000.0
2020-09-29,21770.9,21811.5,21280.6,21411.3,242993739,51299900000.0
2020-09-30,21405.25,21549.35,21128.5,21451.8,240051659,53101300000.0
2020-10-01,21685.25,22293.75,21664.15,22246.0,348728050,82070600000.0
2020-10-05,22352.1,22768.55,22247.25,22370.95,325414639,82087800000.0
2020-10-06,22673.05,22893.5,22521.05,22853.7,247980470,62212500000.0
2020-10-07,22836.95,23036.2,22607.8,22964.8,236098777,62223100000.00001
2020-10-08,23150.25,23450.9,23063.6,23191.35,280136398,79448000000.0
2020-10-09,23312.6,23904.1,23132.45,23846.8,350978943,102611400000.0
2020-10-12,23955.6,24190.35,23552.6,23712.8,280694619,69886500000.0
2020-10-13,23663.05,23775.15,23431.5,23492.2,190829083,53507299999.99999
2020-10-14,23353.15,23962.7,23149.45,23874.65,225363576,59074100000.0
2020-10-15,23920.35,24087.85,22970.95,23072.4,270328079,77709600000.0
2020-10-16,23219.85,23646.2,23148.95,23533.25,229438006,59312900000.0
2020-10-19,23902.9,24320.95,23754.85,24266.75,388154335,98247200000.0
2020-10-20,24117.35,24410.9,24039.85,24311.8,254147636,66165700000.0
2020-10-21,24444.2,24823.6,24099.85,24635.05,335657280,100643300000.0
2020-10-22,24447.35,24691.15,24250.2,24484.15,241407252,72874000000.0
2020-10-23,24669.2,24764.15,24360.85,24478.3,196845852,54064500000.0
2020-10-26,24525.8,24577.3,23867.75,24075.45,260452297,69499000000.0
2020-10-27,24288.05,24809.65,23924.2,24769.5,299009849,117903200000.0
2020-10-28,24737.85,24780.7,24057.95,24232.5,272722955,75095000000.0
2020-10-29,24063.5,24339.1,23822.05,24092.0,340550442,95428100000.0
2020-10-30,24090.15,24277.35,23612.7,23900.9,271824691,63085200000.00001
2020-11-02,24367.6,25139.0,24120.6,24892.5,437217701,117651600000.0
2020-11-03,25108.0,25760.7,25085.7,25682.8,407591534,108599300000.0
2020-11-04,25539.55,25891.0,25142.0,25771.6,409247572,114001900000.0
2020-11-05,26174.8,26375.2,26000.05,26313.1,385307914,107104000000.0
2020-11-06,26274.1,26853.45,26135.3,26798.95,357689528,112678100000.0
2020-11-09,27088.95,27595.0,27068.95,27534.1,365124397,110748200000.0
2020-11-10,28039.45,28802.5,27916.9,28606.0,595796701,195326300000.0
2020-11-11,28713.15,29030.9,28211.1,28845.0,497507807,180593000000.0
2020-11-12,28633.75,28672.9,28066.05,28278.8,308960319,112785100000.0
2020-11-13,28108.7,28520.55,27703.3,28465.7,330891449,107232500000.0
2020-11-14,28685.7,28752.45,28431.85,28594.3,43672347,11545100000.0
2020-11-17,28792.25,29239.25,28722.9,29181.3,317307486,109246299999.99998
2020-11-18,29107.9,29784.75,29056.75,29749.85,487620929,125384400000.0
2020-11-19,29302.6,29627.2,28819.55,28903.05,358602987,121892000000.0
2020-11-20,28935.75,29406.7,28580.9,29236.0,320010076,116141900000.0
2020-11-23,29432.8,29492.3,28852.9,29024.2,395630008,127457099999.99998
2020-11-24,29265.6,29827.8,29206.75,29737.25,348058801,122792400000.0
2020-11-25,30021.9,30197.85,29132.3,29196.4,546078327,136531700000.0
2020-11-26,29370.4,29623.0,28923.1,29549.75,369368245,113388900000.0
2020-11-27,29622.0,29716.85,29368.7,29609.05,494394896,243781200000.0
2020-12-01,29844.8,29919.75,29511.0,29817.85,325606521,87808300000.0
2020-12-02,29876.7,29886.25,29149.9,29463.15,374276909,92069100000.0
2020-12-03,29728.9,29813.0,29379.4,29448.75,419239179,103663200000.0
2020-12-04,29573.4,30162.3,29473.5,30052.4,466911596,111453200000.0
2020-12-07,30062.6,30354.2,29950.6,30211.55,431765351,120393000000.0
2020-12-08,30300.3,30363.8,30025.2,30261.9,586847601,101418200000.0
2020-12-09,30335.05,30807.25,30326.7,30709.4,542515807,97553799999.99998
2020-12-10,30545.35,30610.0,30202.1,30510.35,335772472,81659700000.0
2020-12-11,30555.3,30811.8,30328.45,30604.85,409937035,95888000000.0
2020-12-14,30735.15,30845.8,30624.25,30745.9,269034727,71562000000.0
2020-12-15,30805.4,30805.85,30345.75,30691.05,279367757,81800800000.0
2020-12-16,30920.35,30932.25,30587.1,30698.4,380587654,68177400000.0
2020-12-17,30791.2,30945.2,30643.9,30847.05,260660598,75632400000.0
2020-12-18,30841.85,30854.05,30374.5,30714.65,278144935,81873400000.0
2020-12-21,30595.8,30607.5,29201.2,29456.45,390941877,100525900000.0
2020-12-22,29607.5,29711.15,28976.75,29625.95,464415052,107840600000.0
2020-12-23,29560.75,29941.4,29446.0,29883.3,379383537,68573300000.0
2020-12-24,30071.65,30545.85,30007.8,30402.2,300013358,65896700000.0
2020-12-28,30558.85,30929.05,30538.15,30880.95,317207023,55364300000.0
2020-12-29,31006.9,31359.35,31002.6,31322.5,389215378,85584599999.99998
2020-12-30,31479.8,31510.25,31007.15,31303.05,267799744,65889799999.99999
2020-12-31,31295.9,31409.5,31088.1,31264.05,364121772,73989000000.0
2021-01-01,31297.3,31384.35,31188.25,31225.85,362816824,45786800000.0
2021-01-04,31485.15,31489.6,30893.65,31212.45,455777638,73322500000.0
2021-01-05,31041.1,31767.65,30935.55,31722.25,427039458,97377099999.99998
2021-01-06,31839.95,31982.3,31548.15,31797.9,546145047,105789700000.0
2021-01-07,32129.8,32177.4,31911.5,31956.0,503480241,93227900000.00002
2021-01-08,32298.05,32298.05,32002.95,32084.2,320076839,76208500000.0
2021-01-11,32280.3,32288.45,31836.95,31998.9,262149604,65404000000.0
2021-01-12,31835.05,32397.95,31725.85,32339.0,518130302,95418300000.0
2021-01-13,32546.6,32683.5,32148.25,32574.65,631806349,114567900000.00002
2021-01-14,32526.7,32718.95,32442.35,32519.75,418770741,81115800000.0
2021-01-15,32508.9,32544.8,32044.35,32246.8,441548129,77073400000.0
2021-01-18,32275.15,32441.5,31650.9,31811.75,396843076,107580300000.0
2021-01-19,32082.9,32464.95,31863.95,32424.85,354794656,75432700000.0
2021-01-20,32388.95,32607.45,32322.9,32543.7,463373596,75748800000.0
2021-01-21,32732.8,32842.3,31985.55,32186.9,429690838,100740600000.0
2021-01-22,32088.0,32131.4,31119.9,31167.25,447189924,100669800000.0
2021-01-25,31507.15,31697.55,31013.65,31198.4,354685592,95689000000.0
2021-01-27,31236.25,31287.05,30165.65,30284.55,374955694,105970400000.00002
2021-01-28,29812.3,30464.4,29687.7,30358.3,616602174,153270300000.0
2021-01-29,30700.65,31111.95,30254.55,30565.5,491234852,123379100000.0
2021-02-01,30976.35,33305.3,30906.45,33089.05,724603063,187407100000.0
2021-02-02,33589.05,34652.5,33583.15,34267.9,672200917,184192800000.0
2021-02-03,34555.6,34908.05,34011.9,34758.45,605204158,149043500000.0
2021-02-04,34548.9,35413.15,34238.9,35344.8,829671813,173265800000.00003
2021-02-05,35634.95,36615.2,35545.0,35654.5,929584155,248457400000.00003
2021-02-08,36073.85,36466.45,35872.25,35983.65,448653152,104782300000.0
2021-02-09,36058.8,36477.15,35636.85,36056.5,692481033,117932800000.0
2021-02-10,36042.35,36227.2,35428.15,35783.1,454605536,98911000000.0
2021-02-11,35687.25,36009.45,35573.3,35752.1,397926100,75132900000.0
2021-02-12,35736.6,36322.8,35700.25,36108.9,400613273,91377800000.0
2021-02-15,36501.4,37449.9,36405.1,37306.25,395960815,100124500000.0
2021-02-16,37492.6,37708.75,36762.75,37098.4,498415137,131437000000.0
2021-02-17,37041.95,37331.45,36764.25,36910.95,850487354,133951500000.0
2021-02-18,37088.75,37108.75,36367.45,36587.0,860331083,139356800000.0
2021-02-19,36371.55,36656.2,35584.6,35841.6,1057099488,149978200000.0
2021-02-22,35874.3,36128.9,35097.55,35257.2,558736003,120536700000.0
2021-02-23,35540.55,35680.85,34976.0,35116.95,495062997,102187900000.00002
2021-02-24,35205.4,36567.65,35060.65,36452.3,272875395,75738000000.0
2021-02-25,36763.15,37232.2,36494.0,36549.0,455940302,130876500000.0
2021-02-26,35806.65,35902.9,34658.7,34803.6,583014812,163324600000.0
2021-03-01,35374.25,35581.1,34983.75,35296.0,321453194,76692600000.0
2021-03-02,35458.15,35747.05,35002.45,35419.7,313565974,78695200000.0
2021-03-03,35754.45,36455.15,35570.55,36368.05,526962435,95326200000.00002
2021-03-04,35575.65,36316.4,35519.25,35802.5,518584470,104197000000.0
2021-03-05,35458.5,35616.05,34893.25,35228.15,479018691,119749700000.0
2021-03-08,35462.45,35827.3,35090.75,35275.75,300221829,84406299999.99998
2021-03-09,35705.9,36077.8,35544.95,35865.65,276564848,92624100000.0
2021-03-10,36112.25,36176.9,35764.35,35938.3,210555025,64461500000.0
2021-03-12,36497.35,36497.35,35188.05,35496.65,273642948,79528100000.0
2021-03-15,35544.25,35544.25,34430.65,35182.55,353005770,90142099999.99998
2021-03-16,35352.0,35405.05,34744.6,34804.6,311778180,71472900000.0
2021-03-17,34905.05,35100.5,34126.85,34229.25,294340779,75346600000.0
2021-03-18,34577.5,34759.85,33597.55,33856.8,365798753,79323700000.0
2021-03-19,33590.4,34355.4,33361.0,34161.6,457208862,108797600000.0
2021-03-22,34088.4,34148.9,33389.15,33603.45,298859239,76857200000.0
2021-03-23,33747.95,34360.05,33622.0,34184.4,365205246,94446100000.0
2021-03-24,33894.7,33970.65,33203.4,33293.25,345484145,80619100000.0
2021-03-25,33420.75,33550.15,32415.25,33006.45,486186269,105569100000.0
2021-03-26,33605.05,33610.65,33166.1,33318.2,291664756,69327400000.0
2021-03-30,33615.9,33990.8,33564.55,33875.1,374227813,102469500000.0
2021-03-31,33764.8,33773.1,33151.8,33303.9,317682921,86471000000.0
2021-04-01,33588.0,33949.15,33208.75,33858.0,275264439,84518400000.0
2021-04-05,33649.15,33697.75,32330.15,32678.85,306389349,83177300000.0
2021-04-06,32915.65,33007.65,32338.4,32501.35,263466128,71465900000.0
2021-04-07,32529.7,33191.7,32141.55,32991.2,301661823,84541500000.0
2021-04-08,33154.2,33306.8,32704.75,32782.85,242109321,64592800000.0
2021-04-09,32636.9,32972.15,32329.95,32448.05,342531390,85259300000.0
2021-04-12,31637.9,31698.05,30520.3,30792.0,500839301,106179000000.0
2021-04-13,30901.8,31885.45,30722.85,31771.6,394495718,85629100000.0
2021-04-15,31929.1,32187.05,31406.4,32112.85,359820808,104598799999.99998
2021-04-16,32161.45,32325.15,31911.9,31977.45,282437841,69049000000.0
2021-04-19,30993.45,31304.3,30405.65,31208.4,371591981,93374100000.0
2021-04-20,31568.95,31731.65,30891.0,31112.7,301980700,78764100000.0
2021-04-22,30763.5,31834.5,30555.25,31782.6,324393822,104289300000.0
2021-04-23,31490.6,32148.4,31377.15,31722.3,333782207,89361800000.0
2021-04-26,32316.65,32603.7,32144.8,32275.15,312038031,113194200000.0
2021-04-27,32228.95,32807.1,32152.95,32735.35,298418626,101572900000.00002
2021-04-28,32865.5,33777.7,32840.3,33722.8,354104361,129470100000.0
2021-04-29,33901.6,34287.0,33304.6,33714.5,381173342,117858799999.99998
2021-04-30,33112.4,33455.25,32663.4,32781.8,356408638,110627500000.0
2021-05-03,32368.55,32566.6,31906.55,32465.75,313628139,98450700000.0
2021-05-04,32610.4,33011.55,32191.4,32270.35,672537145,100978100000.0
2021-05-05,32577.1,32862.15,32068.55,32783.7,343564356,73415800000.0
2021-05-06,32900.75,32956.35,32564.0,32827.8,268011511,63993200000.0
2021-05-07,33041.65,33259.15,32771.35,32904.5,261346010,59275900000.0
2021-05-10,33175.3,33297.6,33028.15,33142.4,366829284,68141899999.99999
2021-05-11,32640.95,33154.3,32611.7,32872.2,410859353,73285600000.0
2021-05-12,32717.65,32747.7,32352.3,32452.3,530601264,79474800000.0
2021-05-14,32495.15,32622.65,32115.5,32169.55,344502670,67784700000.0
2021-05-17,32437.85,33506.9,32318.7,33459.25,432480348,111869300000.0
2021-05-18,33893.1,34142.85,33730.45,33922.4,385809306,108776299999.99998
2021-05-19,33717.1,33959.3,33608.25,33685.2,310365750,71516200000.0
2021-05-20,33692.55,33833.7,33273.95,33334.55,498149396,79719300000.0
2021-05-21,33559.8,34694.45,33559.75,34606.9,534919600,154817700000.0
2021-05-24,34869.3,35216.1,34528.3,34943.6,618209361,136221600000.0
2021-05-25,35095.0,35125.85,34410.4,34662.0,349434738,79343300000.0
2021-05-26,34757.15,34897.95,34462.5,34684.2,321416671,69585800000.0
2021-05-27,34664.2,35220.8,34529.7,35095.05,726180251,123835000000.0
2021-05-28,35345.65,35436.65,34977.2,35141.45,551320823,101123200000.0
2021-05-31,35097.45,35584.3,34930.1,35526.65,379880136,74094000000.0
2021-06-01,35639.75,35713.9,35241.2,35337.2,323916139,70230300000.0
2021-06-02,35271.6,35415.85,35070.3,35373.75,591363574,82048500000.0
2021-06-03,35536.45,35723.7,35413.0,35649.0,421766510,80525200000.0
2021-06-04,35657.85,35810.9,35176.15,35291.65,282780039,63611300000.0
2021-06-07,35460.8,35545.85,35338.55,35443.65,253219977,44790800000.0
2021-06-08,35433.8,35449.5,34962.65,35085.3,214827767,49579100000.0
2021-06-09,35114.25,35402.45,34641.2,34800.5,315893506,61868300000.0
2021-06-10,34903.6,35165.65,34734.4,35131.2,324664716,54763300000.0
2021-06-11,35324.65,35344.0,34891.3,35047.4,192127390,44792600000.0
2021-06-14,34936.55,34995.15,34374.35,34950.6,311604282,55331800000.0
2021-06-15,35038.05,35317.4,34917.9,35247.75,170044245,46905400000.0
2021-06-16,35196.25,35380.0,34916.2,35003.5,157933211,42567000000.0
2021-06-17,34619.8,34882.4,34458.1,34605.4,199243725,50036700000.0
2021-06-18,34735.15,34787.4,33908.95,34558.0,274819851,65518600000.0
2021-06-21,34109.45,34927.65,33937.5,34871.3,260354639,56915000000.0
2021-06-22,35084.9,35281.9,34664.35,34745.0,264369582,58766300000.0
2021-06-23,34911.85,34937.65,34525.45,34574.0,315407199,61004700000.0
2021-06-24,34687.7,34935.3,34592.35,34827.0,210383466,50473100000.00001
2021-06-25,34916.65,35491.95,34915.85,35364.65,236854047,70055200000.0
2021-06-28,35488.2,35576.95,35236.45,35359.45,320196203,58903600000.0
2021-06-29,35320.45,35337.45,34913.7,35010.3,266274918,68699200000.0
2021-06-30,35001.9,35214.9,34730.45,34772.2,249544293,59226600000.0
2021-07-01,34866.0,34917.65,34650.95,34684.0,164003666,46420900000.0
2021-07-02,34728.1,34894.45,34632.6,34809.9,165618523,41504900000.0
2021-07-05,35010.95,35234.3,34926.4,35212.0,164345876,35214000000.0
2021-07-06,35173.6,35807.45,35165.55,35579.15,179452046,60154100000.0
2021-07-07,35550.6,35795.75,35427.65,35771.3,151482780,43739300000.0
2021-07-08,35603.25,35811.0,35134.65,35274.1,169181977,46742200000.0
2021-07-09,35163.75,35225.2,34859.9,35071.95,145257589,43683100000.00001
2021-07-12,35285.05,35394.3,35060.35,35198.9,183089619,43149799999.99999
2021-07-13,35480.05,35727.85,35340.7,35673.4,134145673,52571700000.0
2021-07-14,35585.85,35804.05,35434.75,35668.25,103104332,36219500000.0
2021-07-15,35757.45,35985.25,35625.7,35907.65,116401975,37800900000.0
2021-07-16,35977.95,35977.95,35674.75,35751.8,124898578,30378600000.0
2021-07-19,35070.5,35347.05,34899.2,35079.2,130897303,49104600000.0
2021-07-20,34791.15,34894.15,34357.35,34415.45,159709578,53590200000.00001
2021-07-22,34774.55,34989.1,34557.85,34677.3,164037904,44456200000.0
2021-07-23,34748.35,35088.0,34404.75,35034.4,200257651,53102500000.0
2021-07-26,34947.85,35138.2,34669.55,34949.7,179131153,61879200000.0
2021-07-27,35029.3,35186.1,34713.55,34797.45,173044876,66399000000.0
2021-07-28,34839.45,34841.55,34115.2,34532.9,174745645,67838400000.0
2021-07-29,34740.3,34778.15,34495.2,34691.5,195999122,55216100000.0
2021-07-30,34698.75,34738.75,34445.4,34584.35,174178173,58361300000.0
2021-08-02,34760.9,34861.75,34588.25,34710.0,241611859,51514000000.0
2021-08-03,34660.75,35238.45,34649.2,35207.45,254949840,65298800000.0
2021-08-04,35388.15,36219.8,35313.0,36028.05,363137299,135506600000.0
2021-08-05,36093.95,36115.45,35661.3,35834.75,312002845,89494500000.0
2021-08-06,35875.8,36080.1,35700.45,35809.25,230463834,72093600000.0
2021-08-09,35824.2,36159.85,35612.3,36028.95,166874234,45467000000.0
2021-08-10,35954.55,36317.0,35890.5,36034.1,201187741,60830600000.00001
2021-08-11,36218.25,36227.55,35531.35,35806.4,200203008,49558500000.0
2021-08-12,35825.4,35998.15,35702.9,35937.05,122331527,34819900000.0
2021-08-13,36000.75,36233.3,35937.1,36169.35,125846393,45931200000.0
2021-08-16,36100.65,36261.55,36032.4,36094.5,87300657,29849500000.0
2021-08-17,35935.05,35993.7,35611.85,35867.45,118332001,39307800000.0
2021-08-18,36222.5,36248.9,35432.0,35554.5,140479197,51572000000.0
2021-08-20,35146.5,35306.5,34926.5,35033.85,181201194,56217600000.0
2021-08-23,35424.2,35427.4,34817.5,35124.4,174160064,45815600000.00001
2021-08-24,35200.75,35795.3,35070.0,35712.1,173607876,53822700000.00001
2021-08-25,35768.85,35910.3,35499.65,35586.25,144304924,39479000000.0
2021-08-26,35485.95,35785.8,35411.8,35617.55,136431065,46842600000.0
2021-08-27,35559.75,35727.9,35359.25,35627.8,120863177,38988700000.0
2021-08-30,35781.05,36398.45,35721.9,36347.65,150364401,50797000000.0
2021-08-31,36367.4,36552.8,36216.2,36424.6,210320042,78390600000.0
2021-09-01,36591.45,36997.7,36487.15,36574.3,181520267,78678600000.0
2021-09-02,36588.4,36895.55,36469.0,36831.3,118881969,46217500000.0
2021-09-03,36883.65,37140.0,36563.2,36761.15,155572966,51880500000.0
2021-09-06,36878.25,36923.65,36554.45,36592.35,88610035,30386500000.0
2021-09-07,36558.85,36685.85,36151.95,36468.8,124504318,39335500000.0
2021-09-08,36519.7,36855.9,36393.6,36768.2,175840330,66795500000.0
2021-09-09,36725.5,36857.2,36566.7,36683.2,83638944,33015000000.0
2021-09-13,36608.45,36724.85,36327.05,36471.8,82205571,32821700000.0
2021-09-14,36639.95,36756.0,36529.65,36613.05,109343491,43118800000.0
2021-09-15,36543.55,36949.7,36496.05,36852.25,177854499,54637700000.00001
2021-09-16,36946.0,37720.15,36907.75,37668.6,423076588,107340000000.0
2021-09-17,37929.5,38112.75,37396.05,37811.95,335066214,111533200000.0
2021-09-20,37388.2,37802.75,37068.45,37145.7,152042291,49193200000.0
2021-09-21,37238.4,37340.7,36525.95,37235.85,153954277,55631200000.0
2021-09-22,37277.1,37328.6,36885.6,36944.65,106372965,41269000000.0
2021-09-23,37241.25,37830.75,37216.15,37771.7,139137134,54714000000.0
2021-09-24,37954.0,38112.6,37680.0,37830.3,138418570,52059799999.99999
2021-09-27,38054.75,38355.2,37968.2,38171.25,112955375,45161800000.0
2021-09-28,38360.0,38377.25,37315.2,37945.0,200987747,56792400000.0
2021-09-29,37601.1,37923.45,37371.05,37743.0,260519352,78247700000.0
2021-09-30,37677.8,37884.85,37354.25,37425.1,235076302,71557800000.0
2021-10-01,37140.4,37299.4,36876.35,37225.9,189209173,47059799999.99999
2021-10-04,37392.15,37670.7,37355.6,37579.65,146438070,38390000000.0
2021-10-05,37499.8,37786.6,37364.75,37741.0,153094965,43722200000.0
2021-10-06,37768.8,38106.85,37452.0,37521.55,204213956,62704700000.0
2021-10-07,37894.0,37923.65,37650.25,37753.2,136415691,47530200000.00001
2021-10-08,37906.4,38105.2,37674.35,37775.25,168175930,46118900000.0
2021-10-11,37782.75,38495.3,37744.65,38293.8,136093225,47853600000.0
2021-10-12,38178.35,38609.6,38144.6,38521.5,201279829,49356700000.0
2021-10-13,38735.3,38779.05,38502.7,38635.75,205858894,39212400000.0
2021-10-14,38684.65,39375.05,38673.0,39340.9,249639376,56128300000.0
2021-10-18,39794.25,39947.6,39569.55,39684.8,580029143,94845800000.0
2021-10-19,39927.3,40011.15,39394.25,39540.5,274854608,58326300000.0
2021-10-20,39545.45,39774.55,39292.8,39518.2,236894524,61361500000.0
2021-10-21,39676.55,40200.45,39428.1,40030.2,271266226,72419300000.0
2021-10-22,40192.65,40587.35,40149.55,40323.65,370521433,84275300000.0
2021-10-25,40961.25,41829.6,40508.1,41192.4,476829654,179942400000.00003
2021-10-26,41057.75,41367.25,40829.15,41238.3,437106559,103307000000.0
2021-10-27,41234.55,41347.0,40750.0,40874.35,322833423,109411900000.0
2021-10-28,40915.15,40931.05,39350.2,39508.95,512721476,113021200000.00002
2021-10-29,39424.55,39775.25,38426.65,39115.6,341299932,92762500000.0
2021-11-01,39432.15,39862.6,39120.65,39763.75,203227931,68752000000.0
2021-11-02,39796.9,40107.6,39590.7,39938.45,265000402,75947700000.0
2021-11-03,40040.65,40160.2,39304.85,39402.05,267471244,91636299999.99998
2021-11-04,39669.1,39734.7,39514.15,39573.7,38771464,11743000000.0
2021-11-08,39674.05,39674.05,38932.15,39438.25,212859120,100401299999.99998
2021-11-09,39517.85,39560.6,39223.4,39368.8,203521905,68007600000.0
2021-11-10,39206.2,39220.3,38873.8,39023.25,167942059,57763800000.0
2021-11-11,38913.05,38929.95,38346.05,38560.2,146046747,46766800000.0
2021-11-12,38707.15,38822.85,38467.8,38733.35,136008185,54122500000.0
2021-11-15,38849.45,39117.15,38606.6,38702.35,112339108,44964000000.0
2021-11-16,38710.9,38724.7,38211.1,38307.1,129073386,45809799999.99999
2021-11-17,38113.4,38456.3,37981.2,38041.55,139261045,51844399999.99999
2021-11-18,38071.9,38233.95,37748.45,37976.25,238703538,63508000000.0
2021-11-22,38232.15,38241.0,36655.4,37128.8,209492175,74788800000.0
2021-11-23,36787.0,37448.75,36647.55,37272.8,188686871,71629800000.0
2021-11-24,37384.75,37891.9,37238.05,37441.95,157620877,73261700000.0
2021-11-25,37362.05,37507.95,37118.4,37364.75,140754665,53976200000.0
2021-11-26,36830.9,36868.9,35904.1,36025.5,211362819,71809400000.0
2021-11-29,36224.45,36347.85,35327.9,35976.45,187220921,68354600000.0
2021-11-30,35958.8,36774.2,35526.35,35695.3,227277255,91084800000.0
2021-12-01,35902.9,36445.35,35805.0,36364.9,173851062,64604500000.0
2021-12-02,36281.85,36563.5,36166.7,36508.25,131729305,51628100000.00001
2021-12-03,36497.3,36844.0,36062.85,36197.15,138908168,53669600000.0
2021-12-06,36252.75,36344.55,35696.75,35735.9,136034034,48391899999.99999
2021-12-07,36086.95,36820.7,36013.95,36618.4,146690900,71947600000.0
2021-12-08,37052.75,37384.8,36905.15,37284.7,164970767,75656200000.0
2021-12-09,37331.75,37397.55,36884.45,37082.45,123180683,49734100000.0
2021-12-10,37083.15,37153.25,36824.4,37105.65,170851309,42807000000.0
2021-12-13,37358.2,37581.05,36861.9,36925.25,157271322,55749600000.0
2021-12-14,36778.95,37039.05,36545.4,36893.95,132155329,59265600000.00001
2021-12-15,36929.5,37083.5,36743.2,36789.55,105795292,40592100000.0
2021-12-16,37092.95,37159.3,36385.75,36548.65,112689350,44736300000.0
2021-12-17,36491.8,36550.75,35535.05,35618.65,152082650,51196600000.0
2021-12-20,35124.35,35231.1,34018.45,34439.85,200121444,66327000000.0
2021-12-21,34863.35,35050.0,34389.95,34607.85,159620617,47498100000.00001
2021-12-22,34865.25,35112.1,34687.6,35029.5,128585560,40136300000.0
2021-12-23,35350.5,35477.3,35046.25,35191.15,114199334,37611000000.0
2021-12-24,35282.2,35327.95,34583.4,34857.05,132458164,33702000000.0
2021-12-27,34573.65,35143.7,34233.0,35057.9,335136830,68880300000.0
2021-12-28,35308.3,35352.4,35037.9,35183.8,181620183,45677800000.0
2021-12-29,35168.85,35378.3,34890.8,35045.4,122522831,35022000000.0
2021-12-30,34977.65,35179.05,34751.25,35063.6,328003519,74184300000.0
2021-12-31,35114.4,35596.95,35113.75,35481.7,210320259,42348200000.0
2022-01-03,35585.2,36492.1,35526.6,36421.9,219015015,53345800000.0
2022-01-04,36551.25,36887.8,36374.4,36840.15,190538010,56104600000.0
2022-01-05,36943.55,37862.4,36756.35,37695.9,237374910,87624000000.0
2022-01-06,37242.55,37752.5,37058.45,37490.25,199034793,58358300000.0
2022-01-07,37667.05,38134.85,37427.8,37739.6,183337111,60799300000.0
2022-01-10,37930.55,38400.35,37929.35,38347.9,206472501,52335500000.0
2022-01-11,38370.0,38504.6,38031.75,38442.2,159537910,51111000000.0
2022-01-12,38719.6,38851.45,38604.6,38727.55,156053463,59931300000.0
2022-01-13,38717.55,38717.55,38376.15,38469.95,159208683,65811700000.0
2022-01-14,38302.35,38448.05,38007.75,38370.4,148647294,50268300000.0
2022-01-17,38212.55,38617.5,38138.25,38216.15,140304025,60858200000.0
2022-01-18,38337.4,38855.55,38095.4,38210.3,168774319,60975900000.0
2022-01-19,38145.75,38330.5,37769.25,38041.35,165345459,56497400000.0
2022-01-20,38106.1,38167.95,37591.85,37850.85,149614744,53460900000.0
2022-01-21,37522.35,37741.0,37224.25,37574.3,157806216,50683500000.0
2022-01-24,37601.95,37694.7,36375.35,36947.55,231032351,77212800000.0
2022-01-25,36598.05,37788.8,36415.6,37706.75,267527334,91288500000.0
2022-01-27,37058.2,38147.65,37012.25,37982.1,346316385,115256100000.0
2022-01-28,38246.6,38421.7,37581.5,37689.4,294272749,88730700000.0
2022-01-31,38091.8,38217.25,37647.85,37975.35,217789465,77005900000.0
2022-02-01,38460.45,38802.7,37690.6,38505.5,234113973,85246800000.0
2022-02-02,38841.55,39386.6,38752.65,39330.5,252636678,76158800000.0
2022-02-03,39255.7,39424.85,38861.15,39010.0,193762539,59230800000.0
2022-02-04,39128.0,39278.6,38562.6,38789.35,163095693,56574300000.0
2022-02-07,38592.05,38837.55,37802.7,37995.45,241900647,75659500000.0
2022-02-08,38176.1,38222.1,37319.05,38028.45,200188205,65290100000.0
2022-02-09,38283.6,38648.15,38192.0,38610.25,124856780,45262200000.0
2022-02-10,38801.45,39197.2,38520.0,39010.95,147797202,59103400000.0
2022-02-11,38567.65,38790.25,38396.4,38517.25,154963046,54825700000.0
2022-02-14,37664.0,37796.55,36828.05,36908.55,213830951,63462000000.0
2022-02-15,36989.8,38231.6,36651.85,38170.1,192987946,60836300000.0
2022-02-16,38296.5,38461.7,37762.8,37953.8,170090059,50351100000.0
2022-02-17,38042.1,38124.5,37425.6,37531.65,136324646,47665900000.0
2022-02-18,37344.45,37817.55,37304.45,37599.15,113457242,35550100000.0
2022-02-21,37400.0,38054.4,37156.8,37685.6,143330237,41722800000.0
2022-02-22,36833.0,37659.4,36818.1,37371.65,159396702,53160200000.00001
2022-02-23,37628.55,37774.6,37318.0,37392.05,137348932,52031000000.0
2022-02-24,36085.2,36709.15,34991.35,35228.1,427755807,98896100000.0
2022-02-25,35901.7,36684.65,35768.2,36430.75,372802626,74724900000.0
2022-02-28,35938.95,36270.25,35611.9,36205.3,238280153,71537500000.0
2022-03-02,35381.9,35553.7,34897.45,35372.8,211288285,82487700000.0
2022-03-03,35621.15,35804.15,34721.15,34944.3,172533577,62208800000.0
2022-03-04,34526.1,35097.75,34094.1,34407.8,194466533,63676200000.0
2022-03-07,33278.15,33543.3,32376.5,32871.25,248860897,85621100000.0
2022-03-08,32531.9,33263.55,32155.35,33158.1,276830725,103719400000.0
2022-03-09,33278.9,33969.5,32948.9,33815.45,258456568,95097000000.0
2022-03-10,35153.95,35374.15,34218.05,34475.6,273948531,101099000000.0
2022-03-11,34331.0,34880.05,34094.3,34546.25,169532120,61573900000.0
2022-03-14,34660.25,35435.1,34625.05,35312.15,193297091,75896700000.0
2022-03-15,35467.95,35643.8,34706.05,35022.65,224193669,84378799999.99998
2022-03-16,35555.75,35806.35,35461.55,35748.25,173798310,57039700000.0
2022-03-17,36302.0,36611.95,36261.65,36428.55,181953699,67094900000.0
2022-03-21,36545.85,36600.2,35900.2,36018.5,128655959,47710400000.0
2022-03-22,35975.6,36468.8,35384.75,36348.55,202887630,58380700000.0
2022-03-23,36627.7,36827.6,36064.75,36147.35,197900273,60742600000.0
2022-03-24,35633.7,35957.7,35421.7,35527.1,205174581,88325000000.0
2022-03-25,35700.4,35717.4,35203.85,35410.1,156997410,48626500000.0
2022-03-28,35488.7,35770.8,35016.3,35710.5,197017630,52342800000.0
2022-03-29,35931.75,35977.2,35506.55,35847.4,177135786,45863300000.0
2022-03-30,36241.55,36421.1,36070.55,36334.3,325637452,80569600000.0
2022-03-31,36457.2,36590.85,36278.15,36373.6,188135977,61876500000.0
2022-04-01,36298.35,37209.8,36242.35,37148.5,245689573,62887500000.0
2022-04-04,37824.95,38765.85,37665.55,38635.2,309170581,140187600000.0
2022-04-05,38731.3,38759.25,37935.95,38067.9,220560341,70195500000.0
2022-04-06,37711.3,37868.5,37513.85,37632.8,198848773,67725500000.0
2022-04-07,37421.75,37975.9,37346.8,37557.35,245018646,87117600000.0
2022-04-08,37619.7,37884.2,37405.2,37752.05,202237753,83120400000.00002
2022-04-11,37591.75,37941.75,37524.45,37613.8,132096631,51924399999.99999
2022-04-12,37407.4,37920.6,37264.45,37747.4,171033301,63330600000.00001
2022-04-13,37887.3,37988.6,37408.2,37463.4,143255004,63355500000.0
2022-04-18,36833.15,36965.85,36441.35,36729.0,182939705,79338700000.0
2022-04-19,36806.8,37123.55,35926.3,36341.6,216336217,115404800000.0
2022-04-20,36482.6,36513.85,36114.05,36314.9,153381114,74810000000.0
2022-04-21,36513.1,36913.35,36395.7,36816.1,132687618,69660600000.0
2022-04-22,36514.15,36578.95,35991.5,36044.75,140125764,54397400000.0
2022-04-25,35792.35,36270.15,35511.4,36082.35,183091482,70982100000.0
2022-04-26,36515.35,36604.55,36265.9,36404.8,143384158,57423900000.0
2022-04-27,36067.55,36175.9,35747.15,36028.85,134244167,59765500000.0
2022-04-28,36189.95,36501.1,35951.1,36422.2,137268325,57504700000.0
2022-04-29,36474.05,36718.8,35978.95,36088.15,172738822,85034300000.0
2022-05-02,35627.6,36235.25,35618.2,36163.75,170186563,63238000000.0
2022-05-04,36266.15,36309.3,35127.85,35264.55,214565013,73491300000.0
2022-05-05,35705.35,35934.85,35133.8,35232.85,167319447,55713300000.0
2022-05-06,34569.1,34797.95,34353.2,34591.2,199208045,65697800000.0
2022-05-09,34091.75,34554.35,33927.2,34275.4,179918781,64003400000.0
2022-05-10,34181.2,34781.8,34176.8,34482.65,137963004,49383000000.0
2022-05-11,34686.3,34793.2,34143.2,34693.15,179510699,53113900000.0
2022-05-12,34289.1,34341.2,33297.65,33532.15,382113108,71368400000.0
2022-05-13,33925.95,34002.2,33007.9,33121.35,272709547,83472500000.0
2022-05-16,33256.0,33821.65,33001.75,33597.6,195136858,52320600000.00001
2022-05-17,33796.2,34366.05,33680.6,34301.9,161500305,52481400000.0
2022-05-18,34448.2,34655.8,34134.7,34163.7,146780579,55613500000.0
2022-05-19,33461.0,33633.95,33180.6,33315.65,150355852,54160200000.00001
2022-05-20,33765.15,34358.05,33658.05,34276.4,129371809,45175600000.00001
2022-05-23,34321.4,34819.95,34117.35,34247.6,155978859,53195900000.0
2022-05-24,34223.2,34586.45,34115.8,34290.15,163680878,48844700000.0
2022-05-25,34491.8,34722.6,34285.8,34339.5,153586250,49289300000.0
2022-05-26,34670.6,35222.05,34424.75,35094.9,191472056,66489600000.0
2022-05-27,35326.6,35694.85,35291.95,35613.3,132560154,46772400000.0
2022-05-30,35958.8,36083.7,35748.45,35826.95,126987258,38447000000.0
2022-05-31,35615.3,35881.95,35288.95,35487.4,149259006,84818700000.00002
2022-06-01,35358.95,35768.7,35285.45,35620.8,100780723,37161200000.0
2022-06-02,35470.95,35676.2,35385.0,35613.65,140705809,40910400000.0
2022-06-03,35929.55,35958.45,35175.1,35275.05,104814655,34314699999.999996
2022-06-06,35159.15,35424.5,35072.3,35310.2,100771005,33267300000.0
2022-06-07,35080.8,35154.3,34834.4,34996.0,91646535,32839699999.999996
2022-06-08,35165.65,35449.9,34831.75,34946.15,124570051,37716800000.0
2022-06-09,34802.25,35149.1,34659.1,35085.45,100853057,30392600000.000004
2022-06-10,34686.95,34752.45,34346.65,34483.8,90046261,32280000000.0
2022-06-13,33728.65,33774.05,33210.35,33405.85,131878152,43541800000.0
2022-06-14,33180.6,33618.15,33123.9,33311.35,113203955,38470300000.0
2022-06-15,33317.8,33554.55,33249.55,33339.0,90841434,33487199999.999996
2022-06-16,33648.8,33756.5,32537.95,32617.1,129460359,40896800000.0
2022-06-17,32393.45,32889.8,32290.55,32743.05,139831116,46103800000.0
2022-06-20,32873.4,32926.1,32426.4,32684.8,144370096,40192000000.0
2022-06-21,32978.05,33593.8,32797.55,33191.75,258145491,49980800000.0
2022-06-22,33051.65,33106.95,32758.15,32845.3,134963895,30970800000.0
2022-06-23,32927.4,33431.75,32652.15,33135.0,193128024,47559000000.0
2022-06-24,33434.8,33721.9,33390.85,33627.45,149780074,37525700000.0
2022-06-27,34126.2,34147.5,33735.5,33811.25,111396233,31287500000.0
2022-06-28,33578.2,33745.3,33503.3,33642.45,124952463,39735200000.0
2022-06-29,33273.55,33422.8,33185.25,33269.9,140799943,47038300000.0
2022-06-30,33180.7,33659.3,33179.6,33425.1,149540388,48505200000.00001
2022-07-01,33264.75,33666.5,33080.45,33539.45,149938425,38617800000.0
2022-07-04,33558.85,33978.5,33515.6,33940.9,152556102,34705400000.0
2022-07-05,34084.7,34361.05,33757.0,33815.9,115009518,39808400000.0
2022-07-06,33929.4,34388.5,33876.15,34324.25,122736123,47093600000.0
2022-07-07,34627.4,34965.75,34553.1,34920.3,183971600,53591800000.0
2022-07-08,35258.9,35262.1,34977.75,35124.05,108960960,38980700000.0
2022-07-11,35017.6,35543.1,35006.55,35469.65,130626231,41144600000.0
2022-07-12,35298.7,35419.65,35047.5,35132.25,113400721,35579400000.0
2022-07-13,35259.8,35308.15,34757.6,34827.8,103445255,48587600000.0
2022-07-14,34817.95,35027.6,34558.45,34651.2,121299657,44163600000.0
2022-07-15,34734.45,34899.95,34463.9,34682.65,99146838,33410300000.000004
2022-07-18,34841.85,35382.5,34804.4,35358.7,146647066,49811600000.0
2022-07-19,35113.25,35761.65,35110.5,35720.35,183417644,54904399999.99999
2022-07-20,36061.3,36182.7,35876.55,35972.1,173387817,58760800000.0
2022-07-21,36026.55,36331.7,35887.35,36201.0,153823216,63923700000.0
2022-07-22,36322.9,36823.45,36286.35,36738.95,143648249,53620800000.0
2022-07-25,36766.7,37011.2,36464.65,36726.4,139717215,53295800000.0
2022-07-26,36688.55,36695.75,36334.1,36408.5,113999344,39896400000.0
2022-07-27,36370.55,36808.3,36248.6,36783.75,113114710,42768800000.0
2022-07-28,37102.45,37414.4,37028.5,37378.15,172517903,53443800000.0
2022-07-29,37717.3,37754.65,37221.15,37491.4,166943703,54057400000.0
2022-08-01,37594.15,37939.6,37407.2,37903.2,346398736,50376200000.0
2022-08-02,37767.7,38179.85,37632.3,38024.0,317258561,67187100000.0
2022-08-03,37954.55,38068.6,37692.95,37989.25,200309289,58112299999.99999
2022-08-04,38111.05,38231.85,37249.5,37755.55,186299709,51774799999.99999
2022-08-05,37868.25,38150.45,37779.9,37920.6,175934673,51102600000.0
2022-08-08,37847.35,38302.35,37681.45,38237.4,174060090,57342400000.0
2022-08-10,38298.85,38402.95,38155.3,38287.85,163932855,61589000000.0
2022-08-11,38712.95,38932.1,38648.9,38879.85,200934788,70828100000.0
2022-08-12,38942.45,39088.9,38739.95,39042.3,125302422,42782600000.0
2022-08-16,39284.1,39444.6,39119.9,39239.65,128693114,47595200000.00001
2022-08-17,39351.3,39504.5,39202.8,39461.7,169781319,49583300000.0
2022-08-18,39324.4,39703.7,39291.15,39656.15,137211137,48063600000.0
2022-08-19,39732.65,39759.15,38848.4,38985.95,148145662,49572000000.0
2022-08-22,38693.65,38732.85,38247.25,38297.75,124271138,44603000000.0
2022-08-23,37955.45,38869.9,37950.85,38697.65,176424816,49534900000.0
2022-08-24,38552.7,39120.8,38552.2,39038.5,214856203,53351300000.0
2022-08-25,39190.05,39471.75,38803.7,38950.75,333393428,61347700000.00001
2022-08-26,39129.65,39337.1,38846.8,38987.15,196336796,44931000000.0
2022-08-29,38111.6,38397.1,37943.85,38276.7,158048031,41624799999.99999
2022-08-30,38516.95,39606.55,38472.7,39536.75,176777679,58054700000.0
2022-09-01,38806.7,39667.65,38803.3,39301.25,191202076,70575500000.0
2022-09-02,39422.3,39595.85,39200.45,39421.0,133866628,45739700000.0
2022-09-05,39412.05,39865.2,39407.4,39805.75,214148830,52484000000.0
2022-09-06,39892.95,40073.75,39564.3,39666.5,210170553,49556100000.0
2022-09-07,39337.75,39572.05,39258.25,39455.9,138911320,42361200000.0
2022-09-08,39763.9,40265.75,39706.4,40208.95,203813147,59504300000.0
2022-09-09,40520.75,40685.95,40280.3,40415.7,207024632,63071500000.0
2022-09-12,40540.45,40684.9,40377.9,40574.0,146975257,45050400000.0
2022-09-13,40802.1,40904.3,40693.95,40873.1,176389650,55966400000.0
2022-09-14,40308.8,41626.9,40288.9,41405.4,218413793,82270000000.0
2022-09-15,41533.7,41840.15,41153.5,41209.2,245307055,67723100000.00001
2022-09-16,40977.2,41162.5,40502.05,40776.8,244187210,89264000000.0
2022-09-19,40685.6,41184.25,40509.9,40904.4,206028623,58289799999.99999
2022-09-20,41304.15,41677.65,41207.3,41468.3,175202873,50802299999.99999
2022-09-21,41282.6,41501.7,40889.15,41203.45,151272542,47383200000.0
2022-09-22,40889.05,41159.2,40360.2,40630.6,209511312,55559000000.0
2022-09-23,40429.35,40528.4,39412.7,39546.25,226215831,64879799999.99999
2022-09-26,39027.85,39229.4,38492.2,38616.25,241817411,64100600000.00001
2022-09-27,38811.7,39050.5,38184.9,38359.15,168710754,55033500000.0
2022-09-28,38081.25,38368.8,37626.2,37759.85,210586461,55006000000.0
2022-09-29,38092.85,38283.4,37536.65,37647.75,253011531,63795600000.00001
2022-09-30,37660.0,38811.0,37386.35,38631.95,246062095,63491700000.0
2022-10-03,38444.9,38641.6,37963.25,38029.65,172924636,44341800000.0
2022-10-04,38700.4,39177.5,38596.9,39110.05,241105104,48611800000.0
2022-10-06,39343.7,39608.35,39232.9,39282.85,158810472,49818500000.0
2022-10-07,39093.5,39235.05,38807.5,39178.05,165025353,46717100000.0
2022-10-10,38641.55,39315.7,38518.3,39093.1,159736922,46716600000.0
2022-10-11,39058.85,39174.95,38622.75,38712.45,177564848,75919600000.0
2022-10-12,38784.2,39164.1,38606.4,39118.55,195833128,58201000000.0
2022-10-13,38957.65,39061.3,38437.95,38624.0,158943750,51561800000.0
2022-10-14,39446.05,39570.85,39196.3,39305.6,185644333,50365200000.00001
2022-10-17,39295.6,39974.7,39146.7,39920.45,201583880,56820700000.0
2022-10-18,40252.05,40435.35,40139.85,40318.75,245222591,55961600000.0
2022-10-19,40556.65,40643.6,40195.2,40373.2,232909831,49524399999.99999
2022-10-20,40149.5,40208.35,39848.85,40099.55,262755229,62314200000.0
2022-10-21,40370.75,41032.25,40355.45,40784.05,324235366,112783799999.99998
2022-10-24,41348.35,41427.25,41201.15,41304.9,74340462,17036900000.0
2022-10-25,41513.65,41530.65,41021.45,41122.75,351843000,79725100000.0
2022-10-27,41440.7,41511.8,41178.65,41299.3,239433580,71621400000.0
2022-10-28,41236.8,41482.4,40839.3,40990.85,237123178,53360900000.0
2022-10-31,41265.7,41353.7,41106.1,41307.9,237160424,60352500000.0
2022-11-01,41552.4,41677.25,41188.55,41289.55,304370269,84197900000.00002
2022-11-02,41472.6,41474.3,41060.45,41146.65,175818779,49037100000.0
2022-11-03,40873.7,41478.0,40819.15,41298.35,263647704,57163800000.0
2022-11-04,41314.85,41516.2,41051.15,41258.45,190374317,54850400000.0
2022-11-07,41740.65,41779.4,41337.05,41686.7,393367764,96319800000.0
2022-11-09,41914.85,41948.9,41667.9,41783.2,490535505,80659300000.0
2022-11-10,41462.85,41643.9,41318.6,41603.75,253442361,67476200000.0
2022-11-11,42163.4,42345.5,41918.1,42137.05,255371301,112785400000.00002
2022-11-14,42177.55,42231.45,41965.45,42076.75,142688761,56605800000.0
2022-11-15,42234.85,42450.05,42079.55,42372.7,139402527,50470000000.0
2022-11-16,42371.8,42611.75,42296.3,42535.3,185441496,63878300000.0
2022-11-17,42399.65,42622.75,42366.55,42458.05,165403381,47962800000.0
2022-11-18,42545.75,42590.75,42223.7,42437.45,280077146,60268500000.0
2022-11-21,42286.95,42386.8,42202.55,42346.55,259074794,46699600000.0
2022-11-22,42467.4,42508.75,42347.15,42457.05,216312501,47984799999.99999
2022-11-23,42668.55,42860.55,42556.4,42729.1,359102191,62160700000.0
2022-11-24,42838.35,43163.4,42769.65,43075.4,204943911,55329600000.0
2022-11-25,43192.45,43339.15,42864.95,42983.95,502822545,70154100000.0
2022-11-28,42757.2,43159.8,42740.0,43020.45,238678224,55863400000.0
2022-11-29,42959.4,43279.6,42959.4,43053.45,223005594,54552299999.99999
2022-11-30,43122.75,43332.3,42880.05,43231.0,201985065,75083200000.0
2022-12-01,43512.1,43515.05,43101.85,43260.65,268373857,77351300000.0
2022-12-02,42976.7,43131.9,42937.8,43103.75,212807580,54526100000.0
2022-12-05,43269.35,43372.15,42985.0,43332.95,242584555,55841200000.0
2022-12-06,43093.9,43306.85,43076.4,43138.55,379223460,73449800000.0
2022-12-07,43157.35,43327.35,42948.45,43098.7,242863321,64470900000.0
2022-12-08,43142.25,43640.9,43095.3,43596.85,355690534,104915400000.00002
2022-12-09,43765.3,43853.4,43361.7,43633.45,443547931,86303799999.99998
2022-12-12,43455.85,43767.05,43378.8,43708.75,234232065,60136300000.0
2022-12-13,43793.7,43983.8,43767.75,43946.55,276976649,75977400000.0
2022-12-14,44078.6,44151.8,43987.95,44049.1,349177761,75620400000.0
2022-12-15,43940.1,44120.6,43379.1,43498.2,421905538,77105500000.0
2022-12-16,43261.75,43598.2,43080.55,43219.5,275179647,59954200000.0
2022-12-19,43346.35,43451.45,43110.3,43413.75,175567612,42214600000.0
2022-12-20,43152.65,43426.2,42955.4,43359.5,182311453,42648900000.0
2022-12-21,43525.75,43614.65,42363.8,42617.95,279419632,57787600000.0
2022-12-22,42864.0,42933.5,42231.35,42408.8,344822506,60970800000.0
2022-12-23,41951.35,42226.65,41597.65,41668.05,332589359,61273900000.0
2022-12-26,41716.35,42846.15,41569.45,42630.15,323172447,59749600000.0
2022-12-27,42827.75,42927.2,42394.15,42859.5,229631139,40734700000.0
2022-12-28,42733.6,43034.95,42694.85,42827.7,230529712,49056000000.0
2022-12-29,42684.9,43498.05,42489.8,43252.35,308306902,74534600000.0
2022-12-30,43401.7,43422.95,42833.1,42986.45,258702240,52860200000.00001
2023-01-02,43038.25,43382.75,42961.75,43203.1,179810215,34525100000.0
2023-01-03,43151.45,43482.8,43148.45,43425.25,197035356,45102200000.0
2023-01-04,43417.5,43578.4,42858.65,42958.8,216794117,62138300000.0
2023-01-05,43073.05,43137.55,42298.6,42608.7,189076453,55455700000.0
2023-01-06,42649.7,42685.9,41877.0,42188.8,195122493,56184000000.0
2023-01-09,42404.85,42716.8,42186.55,42582.75,161810057,57784600000.0
2023-01-10,42642.0,42674.25,41835.75,42014.75,179299558,55657500000.0
2023-01-11,42071.85,42318.0,41729.0,42232.7,169795551,54537200000.0
2023-01-12,42238.5,42343.5,41742.95,42082.25,154082042,53381200000.0
2023-01-13,42171.25,42453.95,41885.6,42371.25,205541498,55184500000.0
2023-01-16,42622.5,42715.65,42066.55,42167.55,312318332,62790600000.00001
2023-01-17,42241.2,42383.8,41861.1,42235.05,256323734,59442500000.0
2023-01-18,42271.8,42555.9,42119.65,42458.0,170541076,57195500000.0
2023-01-19,42416.3,42506.25,42234.9,42328.85,143433045,55651200000.0
2023-01-20,42516.05,42709.2,42366.15,42506.8,159095177,56170500000.0
2023-01-23,42891.45,43005.85,42727.7,42821.25,203642546,70133400000.0
2023-01-24,42994.45,43078.9,42615.65,42733.45,159456752,73478400000.0
2023-01-25,42703.6,42733.05,41540.3,41647.65,244652804,79564500000.0
2023-01-27,41382.35,41417.9,40148.8,40345.3,350772977,137245600000.0
2023-01-30,39856.15,40789.55,39419.8,40387.45,369850300,123016200000.00002
2023-01-31,40563.85,40811.65,40167.7,40655.05,289909966,96224300000.0
2023-02-01,41115.0,42015.65,39490.5,40513.0,400074985,119463300000.0
2023-02-02,39943.35,40757.6,39761.45,40669.3,348474505,92326900000.0
2023-02-03,41019.35,41539.95,40609.75,41499.7,308813058,85578100000.0
2023-02-06,41530.15,41724.5,41261.2,41374.65,197815054,62367900000.0
2023-02-07,41513.1,41630.75,41095.1,41490.95,171891231,53381100000.0
2023-02-08,41542.05,41791.95,41403.05,41537.65,136467692,42469600000.0
2023-02-09,41634.0,41634.0,41252.95,41554.3,142932785,45430600000.00001
2023-02-10,41452.4,41678.9,41424.9,41559.4,154961683,43068300000.0
