Date,Symbol,Series,Prev Close,Open,High,Low,Last,Close,VWAP,Volume,Turnover,Trades,Deliverable Volume,%Deliverble
2020-01-01,ITC,EQ,237.7,238.6,238.6,237.1,238.0,238.1,237.85,4208837,100107816845000.0,38576,1848314,0.43920000000000003
2020-01-02,ITC,EQ,238.1,238.2,240.95,238.1,240.3,239.85,239.71,8402979,201424092300000.0,84223,5619818,0.6688
2020-01-03,ITC,EQ,239.85,241.0,241.0,238.0,238.45,238.5,238.66,9284478,221585310235000.0,64049,6344169,0.6833
2020-01-06,ITC,EQ,238.5,237.5,238.3,235.0,235.3,235.1,236.15,7636617,180337499010000.0,72977,4934625,0.6462000000000001
2020-01-07,ITC,EQ,235.1,236.05,237.9,234.6,235.5,235.35,235.94,8416741,198582489585000.0,66747,4781835,0.5681
2020-01-08,ITC,EQ,235.35,234.0,235.8,233.25,234.4,234.2,234.46,7043211,165137361600000.0,66642,3897623,0.5534
2020-01-09,ITC,EQ,234.2,235.6,236.6,235.05,236.1,235.8,235.72,9452653,222817687385000.0,107069,6378923,0.6748000000000001
2020-01-10,ITC,EQ,235.8,237.6,238.75,236.8,238.1,238.0,237.86,9973746,237239722460000.0,89471,7182804,0.7202
2020-01-13,ITC,EQ,238.0,238.5,240.5,238.25,239.25,239.25,239.58,12243639,293334967230000.0,83515,8262934,0.6748999999999999
2020-01-14,ITC,EQ,239.25,240.25,243.8,238.3,243.1,243.25,241.86,11843444,286448778715000.0,89338,7543081,0.6369
2020-01-15,ITC,EQ,243.25,242.55,243.0,241.1,241.85,242.4,242.13,5476729,132609972125000.0,60662,3216141,0.5872
2020-01-16,ITC,EQ,242.4,242.5,243.9,240.1,240.45,240.75,241.88,9369668,226636048390000.0,85618,5733970,0.612
2020-01-17,ITC,EQ,240.75,240.75,242.1,239.4,239.95,239.95,240.43,7392403,177732106690000.0,97633,4578819,0.6194
2020-01-20,ITC,EQ,239.95,240.05,243.25,240.05,242.3,241.9,241.96,8020816,194075381250000.0,70844,4631818,0.5775
2020-01-21,ITC,EQ,241.9,241.45,241.45,238.0,238.45,238.45,239.25,9571070,228990647260000.0,90383,6175670,0.6452
2020-01-22,ITC,EQ,238.45,239.6,239.6,237.1,238.3,238.05,238.27,7654918,182390102905000.0,83042,4934815,0.6447
2020-01-23,ITC,EQ,238.05,238.1,238.75,236.9,237.95,237.9,237.67,6120434,145465474220000.0,69953,3537506,0.578
2020-01-24,ITC,EQ,237.9,237.4,239.1,237.0,238.25,238.15,238.21,6801874,162024756085000.0,66148,3748753,0.5511
2020-01-27,ITC,EQ,238.15,237.0,237.4,234.3,234.65,234.6,235.8,6837613,161231462790000.0,73157,3974981,0.5813
2020-01-28,ITC,EQ,234.6,234.75,235.9,230.5,231.0,230.75,232.39,14582907,338895337400000.0,134277,9816226,0.6731
2020-01-29,ITC,EQ,230.75,231.5,237.65,231.15,237.3,236.65,236.14,20469708,483375939570000.0,136048,11399264,0.5569
2020-01-30,ITC,EQ,236.65,236.95,237.0,233.0,233.7,234.05,234.92,10394149,244184318825000.0,75658,6735834,0.648
2020-01-31,ITC,EQ,234.05,235.75,238.4,234.05,235.2,235.15,236.11,18455880,435767712889999.94,119578,9809349,0.5315
2020-02-01,ITC,EQ,235.15,236.9,239.25,215.5,219.25,219.0,226.82,42268141,958735775520000.1,307308,16545806,0.3914
2020-02-03,ITC,EQ,219.0,215.0,216.9,205.0,208.9,207.6,209.48,79764370,1670888797420000.0,436227,32873094,0.4121
2020-02-04,ITC,EQ,207.6,210.8,217.6,209.15,215.95,215.65,213.76,35767812,764555550160000.0,182198,18731113,0.5236999999999999
2020-02-05,ITC,EQ,215.65,216.3,217.5,211.5,216.05,216.45,215.2,21253607,457382082900000.0,245783,9831848,0.4626
2020-02-06,ITC,EQ,216.45,218.0,219.9,211.8,213.4,213.55,215.72,27388582,590820007655000.0,221588,16838636,0.6148
2020-02-07,ITC,EQ,213.55,213.8,215.7,212.75,213.3,213.4,214.4,17133407,367344014525000.0,126285,10930975,0.638
2020-02-10,ITC,EQ,213.4,214.0,214.05,210.05,210.5,210.55,211.41,9617387,203324189225000.0,212652,5487153,0.5705
2020-02-11,ITC,EQ,210.55,216.5,216.95,211.8,212.5,212.6,213.79,29803784,637172543500000.0,352348,16641794,0.5584
2020-02-12,ITC,EQ,212.6,213.4,214.8,211.8,212.95,213.05,213.35,9928416,211822012800000.0,91939,4837515,0.4872
2020-02-13,ITC,EQ,213.05,213.05,213.45,211.2,212.05,211.9,212.06,9153131,194102216940000.0,111421,5580976,0.6097
2020-02-14,ITC,EQ,211.9,212.25,212.9,206.8,207.6,207.7,209.55,13731692,287747659910000.0,119326,7932043,0.5776
2020-02-17,ITC,EQ,207.7,208.0,208.65,204.0,204.25,204.8,205.88,15561953,320390554445000.0,113582,11259627,0.7234999999999999
2020-02-18,ITC,EQ,204.8,204.55,204.6,200.5,204.05,203.85,202.08,20934864,423052384680000.0,159783,14197051,0.6781999999999999
2020-02-19,ITC,EQ,203.85,205.25,207.15,203.85,207.15,206.7,205.72,9054560,186269174335000.0,115692,4763674,0.5261
2020-02-20,ITC,EQ,206.7,207.0,208.55,205.45,207.9,207.45,207.21,15592846,323097621190000.0,137512,10574992,0.6781999999999999
2020-02-24,ITC,EQ,207.45,207.0,207.45,201.8,203.15,203.0,203.98,16594046,338482597055000.0,141527,8330434,0.502
2020-02-25,ITC,EQ,203.0,203.8,205.4,201.5,201.8,201.8,203.06,15313516,310963889235000.0,144560,9294386,0.6069
2020-02-26,ITC,EQ,201.8,200.65,201.95,196.3,199.0,198.6,199.3,17869240,356141885445000.0,140431,9607883,0.5377000000000001
2020-02-27,ITC,EQ,198.6,198.4,199.15,195.9,196.95,197.55,197.6,17271066,341277598255000.0,120175,10214245,0.5914
2020-02-28,ITC,EQ,197.55,195.0,199.9,192.05,196.6,197.55,196.04,32628444,639635583510000.0,240164,19944265,0.6113000000000001
2020-03-02,ITC,EQ,197.55,199.5,203.45,193.65,195.5,195.3,199.65,18560049,370553659105000.0,114142,9477032,0.5106
2020-03-03,ITC,EQ,195.3,197.0,197.45,192.55,194.05,193.85,194.56,17947416,349190604960000.0,148060,8740612,0.48700000000000004
2020-03-04,ITC,EQ,193.85,194.95,195.55,186.55,187.35,187.5,189.12,27664076,523190841285000.06,138723,16834826,0.6085
2020-03-05,ITC,EQ,187.5,187.55,191.2,186.55,187.6,188.05,188.87,20025924,378219717145000.0,151318,9560151,0.47740000000000005
2020-03-06,ITC,EQ,188.05,184.85,184.85,179.75,181.4,181.75,181.99,26764504,487096471214999.94,199706,17007149,0.6354
2020-03-09,ITC,EQ,181.75,179.0,179.0,174.5,176.75,177.2,177.16,21795899,386130862315000.0,156489,11793069,0.5411
2020-03-11,ITC,EQ,177.2,174.0,176.75,172.35,176.25,175.65,174.5,27957737,487856881510000.06,179482,15733669,0.5628000000000001
2020-03-12,ITC,EQ,175.65,169.0,169.15,150.55,155.8,155.8,158.13,52040944,822921333640000.0,264894,29389098,0.5647
2020-03-13,ITC,EQ,155.8,150.0,164.0,134.6,163.4,162.25,155.29,61592332,956447891075000.0,274571,34828490,0.5655
2020-03-16,ITC,EQ,162.25,158.0,158.1,145.25,147.55,147.25,150.85,33255085,501649105689999.94,215377,18221190,0.5479
2020-03-17,ITC,EQ,147.25,148.0,155.8,146.05,149.15,149.15,151.6,47658462,722490048500000.0,226554,30663126,0.6434000000000001
2020-03-18,ITC,EQ,149.15,152.1,154.65,147.35,151.4,150.7,151.05,50248786,759005735285000.0,282399,29171339,0.5805
2020-03-19,ITC,EQ,150.7,150.7,163.55,144.75,160.9,161.85,154.41,89753683,1385888327585000.0,386234,53088317,0.5915
2020-03-20,ITC,EQ,161.85,165.1,176.5,165.1,176.35,175.5,172.02,61997991,1066510850265000.0,327341,34650958,0.5589000000000001
2020-03-23,ITC,EQ,175.5,158.0,162.0,149.2,155.0,154.3,155.4,51354135,798027758500000.0,369765,33862753,0.6594
2020-03-24,ITC,EQ,154.3,162.95,163.7,147.4,151.0,149.7,151.25,52569242,795091104610000.0,348501,32323383,0.6149
2020-03-25,ITC,EQ,149.7,151.0,152.0,139.0,147.05,147.35,143.99,62506221,900010559004999.9,365896,36878546,0.59
2020-03-26,ITC,EQ,147.35,150.0,159.4,143.25,156.8,156.4,150.86,58443502,881693924270000.1,287956,33043590,0.5654
2020-03-27,ITC,EQ,156.4,162.0,166.0,155.0,163.25,163.2,160.45,32636891,523658835975000.0,209456,14470827,0.4434
2020-03-30,ITC,EQ,163.2,156.05,164.9,156.05,160.15,159.2,162.4,28120394,456668207725000.0,262288,12398420,0.44090000000000007
2020-03-31,ITC,EQ,159.2,164.0,173.85,161.55,169.9,171.7,167.53,42630922,714179842645000.0,231840,22562462,0.5293
2020-04-01,ITC,EQ,171.7,171.7,172.75,164.55,166.65,166.4,167.6,18142049,304052138735000.0,180234,6967744,0.3841
2020-04-03,ITC,EQ,166.4,167.9,182.75,167.0,177.5,177.9,175.12,62868085,1100928201404999.9,354482,31070588,0.49420000000000003
2020-04-07,ITC,EQ,177.9,185.7,185.7,173.65,181.4,181.55,179.45,36119016,648170291490000.0,238009,10783554,0.2986
2020-04-08,ITC,EQ,181.55,180.85,184.0,176.65,178.6,178.65,179.57,37561322,674471828415000.0,263938,13760848,0.3664
2020-04-09,ITC,EQ,178.65,184.0,186.25,180.0,184.85,185.25,183.63,42643743,783063114555000.0,215510,25892461,0.6072
2020-04-13,ITC,EQ,185.25,184.5,186.65,181.05,181.9,181.6,183.42,17744825,325481771185000.0,139175,7762029,0.4374
2020-04-15,ITC,EQ,181.6,184.05,193.75,182.7,190.25,189.35,189.56,49092959,930614048975000.0,337036,26436783,0.5385
2020-04-16,ITC,EQ,189.35,189.65,191.2,185.45,187.1,186.35,187.9,27082646,508873708860000.06,207231,14297047,0.5279
2020-04-17,ITC,EQ,186.35,190.45,191.4,186.95,188.15,188.1,188.89,26669272,503766235370000.0,168212,15744641,0.5904
2020-04-20,ITC,EQ,188.1,189.95,189.95,179.5,180.9,180.7,181.67,35767070,649789784900000.0,271108,18867318,0.5275
2020-04-21,ITC,EQ,180.7,178.0,184.3,176.05,179.5,179.6,180.97,23334550,422281417720000.0,269274,9399223,0.40280000000000005
2020-04-22,ITC,EQ,179.6,179.0,183.55,176.0,182.65,182.25,180.97,25164099,455398972939999.94,178772,13195808,0.5244
2020-04-23,ITC,EQ,182.25,182.95,184.0,179.65,181.2,180.55,181.89,32968241,599660174860000.0,234667,20679162,0.6272
2020-04-24,ITC,EQ,180.55,181.0,182.8,179.3,179.85,180.05,180.66,18050148,326099306095000.0,115014,10380915,0.5751
2020-04-27,ITC,EQ,180.05,180.25,182.3,179.3,180.0,179.85,180.83,13086773,236641739944999.97,87713,5997010,0.4582
2020-04-28,ITC,EQ,179.85,180.0,180.8,178.05,180.6,179.45,179.41,17802711,319397007900000.0,81480,10200719,0.573
2020-04-29,ITC,EQ,179.45,180.5,182.9,179.65,182.05,182.15,181.44,21461158,389383195255000.0,131121,14607394,0.6806
2020-04-30,ITC,EQ,182.15,184.9,184.9,180.45,181.05,182.05,182.77,30169126,551407922664999.94,211892,20193397,0.6693000000000001
2020-05-04,ITC,EQ,182.05,181.75,181.75,170.65,173.5,174.05,174.8,30298058,529602398675000.0,200386,17226201,0.5686
2020-05-05,ITC,EQ,174.05,175.0,177.45,172.0,174.0,173.9,175.3,17709577,310442610775000.0,103113,9614994,0.5429
2020-05-06,ITC,EQ,173.9,171.4,171.4,160.5,164.95,163.9,163.53,65586753,1072512032754999.9,435677,33371534,0.5088
2020-05-07,ITC,EQ,163.9,164.0,165.85,160.5,161.15,161.0,162.69,24249898,394514689955000.0,188468,10089784,0.4161
2020-05-08,ITC,EQ,161.0,163.95,164.15,157.1,158.5,158.25,159.67,25307551,404086052635000.0,228559,12774458,0.5048
2020-05-11,ITC,EQ,158.25,160.0,163.5,158.0,159.25,158.45,160.97,18095693,291284737420000.0,220940,7089656,0.3918
2020-05-12,ITC,EQ,158.45,158.45,165.9,157.5,165.5,165.05,161.32,21387983,345020983050000.0,166733,7835899,0.3664
2020-05-13,ITC,EQ,165.05,173.4,173.6,164.5,165.7,165.4,167.58,20018552,335469865235000.0,139320,8354888,0.41740000000000005
2020-05-14,ITC,EQ,165.4,164.5,168.25,161.95,164.25,163.8,164.78,14949993,246344693965000.0,126962,5388344,0.3604
2020-05-15,ITC,EQ,163.8,162.2,165.5,161.15,164.4,164.65,163.18,14950688,243959739735000.0,100036,6520913,0.4362
2020-05-18,ITC,EQ,164.65,166.0,167.3,163.15,164.8,164.75,165.59,20802365,344464463005000.0,164646,7933262,0.3814
2020-05-19,ITC,EQ,164.75,166.5,171.65,165.1,170.75,170.75,168.99,20142194,340385268615000.0,152331,7968019,0.3956
2020-05-20,ITC,EQ,170.75,171.95,177.0,171.0,175.7,175.75,175.24,25320952,443724304985000.06,191598,8779491,0.3467
2020-05-21,ITC,EQ,175.75,175.6,190.45,172.65,188.2,188.95,184.33,58382988,1076150797095000.1,302533,19797977,0.33909999999999996
2020-05-22,ITC,EQ,188.95,188.0,191.9,184.6,186.7,186.35,187.26,39013806,730588786925000.0,222297,7624915,0.1954
2020-05-26,ITC,EQ,186.35,190.0,194.95,187.8,191.6,191.7,191.31,53235758,1018430025254999.9,315054,14958413,0.281
2020-05-27,ITC,EQ,191.7,192.5,193.9,186.9,192.45,192.15,190.6,24546312,467855806880000.0,150179,6552772,0.267
2020-05-28,ITC,EQ,192.15,192.3,192.9,189.0,191.0,190.65,190.08,24579385,467209892835000.06,132770,10000089,0.4068
2020-05-29,ITC,EQ,190.65,190.45,198.0,189.0,197.1,197.35,195.45,35836696,700420489570000.0,204489,11563225,0.32270000000000004
2020-06-01,ITC,EQ,197.35,201.0,205.25,199.0,200.5,200.55,202.34,28509025,576848415420000.0,213104,10287724,0.36090000000000005
2020-06-02,ITC,EQ,200.55,201.9,201.9,196.7,198.0,197.25,199.21,22631743,450851569714999.94,152276,9175473,0.4054
2020-06-03,ITC,EQ,197.25,200.0,200.9,195.6,197.45,196.7,198.54,18979339,376820834415000.0,125283,9089062,0.4789
2020-06-04,ITC,EQ,196.7,197.75,202.5,195.0,200.0,200.15,198.47,21999875,436630184575000.0,139109,7972024,0.3624
2020-06-05,ITC,EQ,200.15,201.8,202.0,198.65,200.25,200.0,200.33,14632889,293138849150000.0,108844,5545303,0.379
2020-06-08,ITC,EQ,200.0,202.9,203.65,197.0,197.4,197.65,199.98,19555380,391075984985000.0,147273,7380207,0.3774
2020-06-09,ITC,EQ,197.65,198.25,206.2,197.65,198.3,198.5,202.14,39914936,806844191850000.0,264818,12226150,0.3063
2020-06-10,ITC,EQ,198.5,199.45,203.15,198.3,199.5,199.05,200.59,27204677,545689600885000.06,158372,9477141,0.34840000000000004
2020-06-11,ITC,EQ,199.05,200.0,201.25,193.6,194.65,194.25,197.64,19847762,392265613785000.0,136178,6873014,0.34630000000000005
2020-06-12,ITC,EQ,194.25,188.95,195.2,187.85,193.95,193.9,192.14,22562987,433523550039999.94,132980,7175671,0.318
2020-06-15,ITC,EQ,193.9,193.9,193.95,186.3,187.5,187.2,188.93,24463651,462199131325000.0,188440,12049536,0.4925
2020-06-16,ITC,EQ,187.2,190.8,190.95,181.9,184.6,185.0,185.91,27637395,513816858455000.0,175837,10682781,0.3865
2020-06-17,ITC,EQ,185.0,184.0,185.0,180.7,180.95,181.2,182.94,24028372,439585844370000.0,158240,11630369,0.484
2020-06-18,ITC,EQ,181.2,181.2,187.5,180.7,187.0,186.6,185.23,28887658,535099263580000.0,161396,10191526,0.3528
2020-06-19,ITC,EQ,186.6,187.1,187.95,183.6,184.5,184.05,184.69,30531484,563895679815000.0,149109,14906263,0.4882
2020-06-22,ITC,EQ,184.05,186.5,187.5,183.15,184.95,185.0,184.96,31396392,580704227165000.0,202541,13660758,0.4351
2020-06-23,ITC,EQ,185.0,185.4,187.5,184.75,186.0,185.85,186.05,26547403,493903908000000.0,130988,5692938,0.47009999999999996
2020-06-24,ITC,EQ,185.85,187.4,194.7,186.15,192.1,191.85,192.37,54653037,1051350953840000.0,288784,18704785,0.3422
2020-06-25,ITC,EQ,191.85,192.25,203.5,191.65,202.5,202.1,198.36,75575878,1499128588435000.0,385549,25859893,0.3422
2020-06-26,ITC,EQ,202.1,206.0,209.4,193.3,195.9,195.2,199.94,71957460,1438730161755000.0,358652,20114551,0.2795
2020-06-29,ITC,EQ,195.2,202.5,203.0,196.2,197.6,197.25,198.59,91504651,1817172161275000.0,388040,28967057,0.3166
2020-06-30,ITC,EQ,197.25,199.4,199.4,194.0,195.25,194.65,196.2,41216021,808660192990000.0,160995,22246990,0.5398
2020-07-01,ITC,EQ,194.65,194.65,203.85,194.65,203.7,202.9,199.68,44298379,884539457015000.0,251854,15980116,0.3607
2020-07-02,ITC,EQ,202.9,204.45,206.75,202.55,206.6,205.85,204.69,39321517,804872587155000.0,207180,12344812,0.3139
2020-07-03,ITC,EQ,205.85,208.0,208.5,206.0,206.85,207.55,207.43,37896333,786089024355000.0,182591,18355448,0.4844
2020-07-06,ITC,EQ,207.55,200.35,201.95,198.95,200.45,199.8,200.24,34710608,695034840705000.0,207930,11731231,0.33799999999999997
2020-07-07,ITC,EQ,199.8,200.0,200.5,194.0,194.5,194.25,195.53,31282844,611670120510000.0,236305,15220009,0.4865
2020-07-08,ITC,EQ,194.25,194.25,197.95,194.25,196.4,196.3,196.7,21276389,418498735755000.0,146793,7741660,0.3639
2020-07-09,ITC,EQ,196.3,196.9,197.0,194.15,196.0,195.45,195.09,18769881,366186624575000.0,134563,9027459,0.48100000000000004
2020-07-10,ITC,EQ,195.45,195.15,196.5,194.0,194.35,194.35,194.9,16192017,315577098480000.0,97350,5464531,0.3375
2020-07-13,ITC,EQ,194.35,195.9,198.75,195.1,197.75,197.55,197.15,20298006,400181111115000.0,131996,7149793,0.3522
2020-07-14,ITC,EQ,197.55,197.4,199.5,192.75,196.25,195.9,196.57,18476313,363193620745000.0,126232,5123058,0.2773
2020-07-15,ITC,EQ,195.9,196.35,200.0,194.5,198.85,198.7,197.63,23777901,469930038025000.0,124823,12145697,0.5108
2020-07-16,ITC,EQ,198.7,198.7,198.85,192.0,193.85,193.85,193.53,22144753,428566063030000.0,145754,8560377,0.3866
2020-07-17,ITC,EQ,193.85,193.3,195.4,193.0,194.35,194.05,194.22,14882855,289049749355000.0,101913,6667809,0.44799999999999995
2020-07-20,ITC,EQ,194.05,195.0,195.35,192.35,192.6,192.7,192.99,18918931,365119720885000.0,124472,9421381,0.498
2020-07-21,ITC,EQ,192.7,192.1,194.2,191.5,192.3,192.25,192.66,28010738,539644159005000.0,123058,14488157,0.5172
2020-07-22,ITC,EQ,192.25,193.0,197.9,192.5,196.95,196.55,196.15,32572721,638905932395000.0,172812,10804656,0.33170000000000005
2020-07-23,ITC,EQ,196.55,197.65,201.5,196.8,201.2,200.7,200.21,31488140,630429348420000.0,185832,11838839,0.376
2020-07-24,ITC,EQ,200.7,201.0,201.7,197.3,199.85,199.6,199.62,60185503,1201429747375000.0,167322,38098300,0.633
2020-07-27,ITC,EQ,199.6,200.5,200.5,195.15,195.8,196.4,197.26,22645709,446704597225000.0,122751,6657722,0.294
2020-07-28,ITC,EQ,196.4,197.0,198.65,195.05,195.7,195.4,196.56,19287262,379101815925000.0,98083,7370777,0.3822
2020-07-29,ITC,EQ,195.4,193.45,198.2,193.4,196.8,196.7,196.57,14831635,291552668710000.0,73390,4439730,0.2993
2020-07-30,ITC,EQ,196.7,198.4,198.4,192.5,193.5,193.35,195.32,16315232,318661796230000.0,108073,7279712,0.4462
2020-07-31,ITC,EQ,193.35,193.5,196.95,193.5,194.1,194.15,195.39,16653836,325398449195000.0,87841,6854349,0.41159999999999997
2020-08-03,ITC,EQ,194.15,194.0,194.0,191.9,192.95,192.6,192.71,13265435,255634205369999.97,93521,5367814,0.4046
2020-08-04,ITC,EQ,192.6,192.6,195.8,192.6,193.8,193.65,194.51,17189317,334347194195000.0,89367,5441953,0.3166
2020-08-05,ITC,EQ,193.65,194.5,194.6,191.7,192.8,192.8,192.81,48768468,940316119504999.9,118324,37434763,0.7676000000000001
2020-08-06,ITC,EQ,192.8,194.2,195.6,193.1,195.2,195.35,194.96,17886231,348712451035000.0,124121,7008924,0.39189999999999997
2020-08-07,ITC,EQ,195.35,195.5,197.0,194.15,196.0,196.05,195.93,20913956,409756722760000.0,115200,10870977,0.5197999999999999
2020-08-10,ITC,EQ,196.05,196.4,199.65,196.4,199.45,198.85,198.52,16474715,327048195535000.0,98320,5951903,0.3613
2020-08-11,ITC,EQ,198.85,200.0,207.7,200.0,203.4,203.05,204.84,55143098,1129547519100000.0,253979,16695096,0.3028
2020-08-12,ITC,EQ,203.05,202.5,204.9,200.4,204.3,204.2,202.62,21287300,431326888910000.06,114085,6986485,0.3282
2020-08-13,ITC,EQ,204.2,203.5,204.2,197.1,201.3,201.45,201.7,22698994,457846474480000.0,140310,6479276,0.2854
2020-08-14,ITC,EQ,201.45,201.6,203.35,195.5,196.55,196.4,199.55,28752399,573750776665000.0,148935,10625039,0.36950000000000005
2020-08-17,ITC,EQ,196.4,198.05,199.5,196.85,198.65,198.75,198.38,11741074,232915424460000.0,79236,3965703,0.33780000000000004
2020-08-18,ITC,EQ,198.75,199.9,199.9,197.25,198.8,198.55,198.36,12488479,247715724165000.0,130898,4822322,0.3861
2020-08-19,ITC,EQ,198.55,198.6,201.7,198.1,198.6,198.45,199.74,15474846,309094872905000.0,94577,4789024,0.3095
2020-08-20,ITC,EQ,198.45,197.0,197.2,194.55,196.0,195.8,195.95,16910657,331370606330000.0,99152,6636462,0.3924
2020-08-21,ITC,EQ,195.8,198.0,199.2,196.3,197.2,196.8,197.63,17234086,340590823015000.0,103695,6585325,0.3821
2020-08-24,ITC,EQ,196.8,197.25,199.0,196.35,197.5,196.7,197.34,14737758,290831178475000.0,87280,6657967,0.4518
2020-08-25,ITC,EQ,196.7,197.25,198.3,195.1,195.7,195.4,196.12,15199285,298091592100000.0,111302,6998790,0.46049999999999996
2020-08-26,ITC,EQ,195.4,196.5,196.55,193.65,195.0,194.95,194.67,22631585,440565970700000.0,127742,11644882,0.5145000000000001
2020-08-27,ITC,EQ,194.95,198.5,198.9,193.9,194.35,194.25,195.15,47213462,921383128535000.0,274421,25089620,0.5314
2020-08-28,ITC,EQ,194.25,194.6,196.3,194.05,195.85,195.55,194.92,34645794,675309191830000.0,221449,19959485,0.5761000000000001
2020-08-31,ITC,EQ,195.55,199.0,199.0,190.0,190.9,191.1,192.67,96998374,1868848076034999.8,308091,59695707,0.6154000000000001
2020-09-01,ITC,EQ,191.1,191.1,192.35,188.25,191.3,190.2,190.05,39779316,756005240435000.0,154370,22742990,0.5717
2020-09-02,ITC,EQ,190.2,191.3,193.0,189.65,192.05,191.35,191.03,20585664,393255315770000.0,130797,7437532,0.3613
2020-09-03,ITC,EQ,191.35,191.4,193.25,190.0,191.45,191.6,191.39,15692484,300336532610000.0,135774,7338545,0.4676
2020-09-04,ITC,EQ,191.6,190.0,190.0,185.7,187.25,186.7,187.59,41389121,776415212525000.0,227442,21359144,0.5161
2020-09-07,ITC,EQ,186.7,187.25,190.5,180.8,190.3,189.1,186.38,32663990,608787641740000.0,237020,11073578,0.33899999999999997
2020-09-08,ITC,EQ,189.1,189.6,190.55,184.6,188.5,188.15,188.25,25591395,481754187930000.0,154677,10432279,0.40759999999999996
2020-09-09,ITC,EQ,188.15,185.5,186.25,182.3,184.25,183.8,183.71,27830197,511281120475000.0,198815,13615592,0.4892
2020-09-10,ITC,EQ,183.8,184.1,185.7,183.2,185.05,184.9,184.51,17785076,328149170025000.0,113800,5364734,0.30160000000000003
2020-09-11,ITC,EQ,184.9,184.9,186.5,182.75,184.0,183.95,184.21,19256801,354720537255000.0,101708,7504631,0.3897
2020-09-14,ITC,EQ,183.95,185.8,185.85,183.0,183.25,183.35,183.76,30993032,569527720155000.0,191982,14423622,0.4654
2020-09-15,ITC,EQ,183.35,184.0,184.2,180.8,181.85,181.8,181.73,30772104,559227581000000.0,182006,15870589,0.5157
2020-09-16,ITC,EQ,181.8,181.85,183.5,180.05,180.6,180.65,181.12,50645681,917297602629999.9,220804,28397844,0.5607
2020-09-17,ITC,EQ,180.65,180.8,181.5,177.8,178.35,178.6,179.06,33936149,607648447410000.0,287580,13605593,0.40090000000000003
2020-09-18,ITC,EQ,178.6,179.55,179.85,177.0,179.5,179.1,178.49,29783208,531615021530000.0,200019,13507852,0.4535
2020-09-21,ITC,EQ,179.1,180.0,180.6,175.05,175.3,175.75,177.21,23892510,423394739625000.0,155218,8693333,0.3639
2020-09-22,ITC,EQ,175.75,175.75,176.75,173.75,174.0,174.2,174.77,18532637,323889580820000.0,134730,6990129,0.3772
2020-09-23,ITC,EQ,174.2,174.95,177.55,171.7,173.1,172.5,173.76,61785758,1073599490175000.0,195454,40264869,0.6517000000000001
2020-09-24,ITC,EQ,172.5,171.7,171.75,166.15,167.4,166.55,168.3,31486886,529939351089999.94,209008,15942965,0.5063000000000001
2020-09-25,ITC,EQ,166.55,168.9,171.2,167.0,171.15,170.75,169.52,26627778,451394318410000.06,152564,12419729,0.46640000000000004
2020-09-28,ITC,EQ,170.75,171.0,174.8,170.5,173.65,173.3,173.26,23194739,401874455330000.0,127479,9639194,0.4156
2020-09-29,ITC,EQ,173.3,174.75,174.75,169.0,169.5,169.4,170.33,25617617,436334526860000.06,164446,12354118,0.4823
2020-09-30,ITC,EQ,169.4,170.0,172.1,168.7,171.95,171.7,170.77,18482053,315624456030000.0,106113,6479325,0.3506
2020-10-01,ITC,EQ,171.7,174.5,174.6,170.1,170.9,170.85,171.42,19758300,338701636885000.0,104692,7700292,0.3897
2020-10-05,ITC,EQ,170.85,171.1,172.8,168.75,169.3,169.25,170.21,24301177,413637517955000.0,166288,13013694,0.5355
2020-10-06,ITC,EQ,169.25,169.5,171.6,168.1,170.2,169.9,169.7,21886300,371404257870000.0,130374,7102380,0.3245
2020-10-07,ITC,EQ,169.9,170.0,170.9,169.0,169.55,169.5,169.8,16286695,276540869530000.03,135502,7223080,0.4435
2020-10-08,ITC,EQ,169.5,170.1,170.4,166.9,167.1,167.15,167.9,25503975,428223131675000.0,241256,14542624,0.5702
2020-10-09,ITC,EQ,167.15,167.5,168.9,166.35,168.0,167.85,167.44,22373477,374629561595000.0,143027,10239344,0.45770000000000005
2020-10-12,ITC,EQ,167.85,170.5,175.2,170.0,172.45,172.2,172.56,66250654,1143227245480000.0,308575,18738922,0.2828
2020-10-13,ITC,EQ,172.2,172.85,174.85,169.5,169.8,170.15,172.39,35685353,615169273960000.0,149374,13654212,0.3826
2020-10-14,ITC,EQ,170.15,170.55,171.0,167.05,167.7,167.8,167.88,38219096,641617367595000.0,134089,23353765,0.611
2020-10-15,ITC,EQ,167.8,167.7,167.8,164.55,164.75,165.05,165.94,27116959,449973266460000.06,160816,13536820,0.49920000000000003
2020-10-16,ITC,EQ,165.05,165.5,166.8,163.8,165.85,165.7,165.24,20227113,334230041725000.0,113656,6292551,0.3111
2020-10-19,ITC,EQ,165.7,166.8,168.9,166.15,168.85,168.25,167.56,19016841,318644839900000.0,116243,8232822,0.4329
2020-10-20,ITC,EQ,168.25,168.0,168.3,166.7,167.7,167.45,167.41,16149041,270349554169999.97,102766,7750552,0.47990000000000005
2020-10-21,ITC,EQ,167.45,168.15,168.9,166.6,167.8,167.65,167.79,16479194,276512004960000.0,114694,7228414,0.4386
2020-10-22,ITC,EQ,167.65,167.55,169.1,167.0,168.8,168.55,168.19,22044453,370754802005000.0,122983,13495376,0.6122
2020-10-23,ITC,EQ,168.55,168.95,171.0,167.75,170.85,170.75,169.74,20147370,341980971265000.0,103220,8862140,0.4399
2020-10-26,ITC,EQ,170.75,171.5,171.6,168.25,168.5,168.55,169.42,16081502,272449744130000.03,101429,6304814,0.3921
2020-10-27,ITC,EQ,168.55,168.5,169.3,166.75,167.05,167.2,167.67,45885935,769361162380000.0,100863,35538429,0.7745000000000001
2020-10-28,ITC,EQ,167.2,168.5,168.5,165.0,165.5,165.5,166.35,16820839,279811311855000.03,99972,6402709,0.38060000000000005
2020-10-29,ITC,EQ,165.5,165.0,165.95,163.45,163.85,163.85,164.62,21008755,345849511045000.0,120602,9635499,0.4586
2020-10-30,ITC,EQ,163.85,164.0,166.8,163.35,165.4,165.25,164.94,16347510,269629632444999.97,95275,5043476,0.3085
2020-11-02,ITC,EQ,165.25,166.8,167.2,164.45,166.75,166.75,165.96,14370649,238499734115000.0,109318,6750832,0.4698
2020-11-03,ITC,EQ,166.75,167.2,170.75,167.1,170.0,170.1,169.51,22602903,383145746615000.0,119246,8604562,0.38070000000000004
2020-11-04,ITC,EQ,170.1,170.05,171.8,168.2,169.75,169.8,170.11,18808819,319956531200000.0,89249,5477908,0.2912
2020-11-05,ITC,EQ,169.8,171.25,175.0,170.2,175.0,174.75,173.34,26997641,467974322095000.0,136258,9602489,0.3557
2020-11-06,ITC,EQ,174.75,176.5,177.2,173.4,173.8,173.95,174.69,34252005,598335550580000.0,135959,10060506,0.2937
2020-11-09,ITC,EQ,173.95,173.95,177.3,171.85,173.0,172.8,173.52,35286484,612300454655000.0,178286,9155317,0.2595
2020-11-10,ITC,EQ,172.8,175.0,179.55,171.85,178.5,178.35,175.27,57459436,1007114930345000.1,309060,26630870,0.4635
2020-11-11,ITC,EQ,178.35,179.6,185.9,178.6,185.2,185.3,182.59,63318644,1156133116425000.0,249263,27392522,0.4326
2020-11-12,ITC,EQ,185.3,185.2,188.75,183.85,187.95,188.0,186.75,46367792,865939325325000.0,206341,14192727,0.3061
2020-11-13,ITC,EQ,188.0,187.2,188.8,185.55,187.15,187.1,187.41,28198725,528473409260000.06,110753,10444695,0.3704
2020-11-14,ITC,EQ,187.1,189.05,190.0,188.05,188.2,188.6,188.97,7767144,146772336690000.0,87878,3862498,0.49729999999999996
2020-11-17,ITC,EQ,188.6,189.0,189.4,186.4,187.7,187.35,187.46,20950589,392731820845000.0,98508,8452760,0.4035
2020-11-18,ITC,EQ,187.35,186.8,188.45,182.75,184.6,184.05,184.87,26595992,491676009655000.0,150821,8782809,0.33020000000000005
2020-11-19,ITC,EQ,184.05,182.8,191.8,182.7,188.05,187.9,188.45,48984610,923092291235000.0,195581,13385459,0.2733
2020-11-20,ITC,EQ,187.9,188.8,192.0,186.05,191.35,191.7,190.06,45307312,861108771645000.1,191628,16600305,0.3664
2020-11-23,ITC,EQ,191.7,192.0,192.5,188.65,190.85,190.85,190.4,23180456,441351863385000.06,122117,7067642,0.3049
2020-11-24,ITC,EQ,190.85,190.6,196.45,190.6,195.65,195.55,194.63,45411815,883863371750000.0,207600,17801793,0.392
2020-11-25,ITC,EQ,195.55,196.0,197.95,192.5,193.4,193.85,195.33,41659179,813736812690000.0,173811,11536619,0.27690000000000003
2020-11-26,ITC,EQ,193.85,195.1,195.85,192.55,194.95,194.8,194.1,24222956,470158740310000.06,108953,7028927,0.2902
2020-11-27,ITC,EQ,194.8,194.45,195.75,193.2,193.5,193.65,194.29,31385396,609792943130000.0,117535,17280078,0.5506000000000001
2020-12-01,ITC,EQ,193.65,195.0,196.35,192.4,194.6,194.4,194.64,15893346,309353110245000.0,94417,5543840,0.34880000000000005
2020-12-02,ITC,EQ,194.4,195.0,198.75,193.55,195.85,195.95,196.15,28425948,557568393164999.94,121841,9411035,0.3311
2020-12-03,ITC,EQ,195.95,197.2,197.2,194.55,196.35,196.2,195.83,28009042,548500713389999.94,110211,12667491,0.4523
2020-12-04,ITC,EQ,196.2,196.85,199.35,196.5,198.3,198.2,198.18,22152332,439013553975000.0,109919,8497407,0.3836
2020-12-07,ITC,EQ,198.2,198.2,203.75,197.6,203.75,203.15,201.6,35693450,719596836810000.0,194375,12775928,0.3579
2020-12-08,ITC,EQ,203.15,203.9,204.7,199.55,202.7,202.45,202.27,30853963,624079877230000.0,151876,9237393,0.2994
2020-12-09,ITC,EQ,202.45,205.0,207.8,204.65,205.4,205.4,206.21,39684395,818322695685000.0,221624,12882786,0.3246
2020-12-10,ITC,EQ,205.4,206.65,213.65,203.15,213.15,212.7,208.78,65227495,1361825711120000.0,314902,21775325,0.33380000000000004
2020-12-11,ITC,EQ,212.7,214.45,217.95,213.35,216.0,216.3,215.98,60322445,1302850713230000.0,238474,21632317,0.3586
2020-12-14,ITC,EQ,216.3,217.95,218.6,215.0,215.55,215.9,216.6,26990063,584602579605000.0,160180,8649787,0.32049999999999995
2020-12-15,ITC,EQ,215.9,215.25,216.4,211.6,213.55,213.55,213.41,23255609,496308263739999.94,158242,6911697,0.2972
2020-12-16,ITC,EQ,213.55,213.75,215.55,213.5,214.6,214.0,214.37,19551630,419133480120000.0,97686,8195929,0.4192
2020-12-17,ITC,EQ,214.0,214.2,215.1,211.25,212.85,213.05,212.89,22386185,476569637555000.0,111013,7658012,0.3421
2020-12-18,ITC,EQ,213.05,213.1,215.95,209.75,214.75,214.5,212.28,23775053,504692793314999.94,137785,9105759,0.383
2020-12-21,ITC,EQ,214.5,214.5,214.7,199.15,202.0,202.95,207.72,41834797,868985471035000.0,229386,14113552,0.33740000000000003
2020-12-22,ITC,EQ,202.95,203.1,206.25,196.9,204.2,203.4,201.22,40986353,824708850750000.0,227711,13878008,0.3386
2020-12-23,ITC,EQ,203.4,203.0,208.25,202.0,207.6,207.75,205.16,23695667,486143348795000.0,138457,6825726,0.28809999999999997
2020-12-24,ITC,EQ,207.75,210.0,210.65,205.6,208.25,208.6,208.18,22768284,474001482105000.0,121521,5342678,0.2347
2020-12-28,ITC,EQ,208.6,209.0,210.2,207.85,209.6,209.5,209.19,15741000,329279354720000.0,113830,5261031,0.3342
2020-12-29,ITC,EQ,209.5,210.5,213.5,210.1,211.65,211.55,211.71,26546469,562008512760000.06,142222,8360123,0.3149
2020-12-30,ITC,EQ,211.55,212.7,213.5,209.55,211.0,211.15,211.22,18925262,399731722435000.0,104450,5157075,0.2725
2020-12-31,ITC,EQ,211.15,210.55,211.3,208.55,209.1,209.0,209.66,18245270,382539153055000.0,138886,6869930,0.3765
2021-01-01,ITC,EQ,209.0,209.9,214.2,209.3,213.9,213.85,212.11,19527333,414186468290000.0,97216,6064448,0.3106
2021-01-04,ITC,EQ,213.85,214.0,216.0,212.1,213.9,213.4,214.25,26891799,576167101610000.0,145021,8472342,0.31510000000000005
2021-01-05,ITC,EQ,213.4,212.45,213.25,210.6,211.75,211.45,211.51,18024083,381227905110000.0,125014,7622424,0.4229
2021-01-06,ITC,EQ,211.45,211.45,211.5,204.5,205.3,205.4,207.11,49067837,1016227863365000.0,275629,23747706,0.484
2021-01-07,ITC,EQ,205.4,206.1,207.6,202.1,203.25,202.8,203.92,34952401,712740910700000.0,195120,16551803,0.4736
2021-01-08,ITC,EQ,202.8,204.35,206.0,200.25,202.1,201.5,202.74,56427360,1143984399750000.0,287998,31087312,0.5509000000000001
2021-01-11,ITC,EQ,201.5,204.0,206.1,201.25,202.65,202.5,203.15,42970983,872964363304999.9,218401,18992891,0.44200000000000006
2021-01-12,ITC,EQ,202.5,203.0,206.9,201.6,206.5,206.45,204.4,35617404,728003873770000.0,222088,15613483,0.43840000000000007
2021-01-13,ITC,EQ,206.45,207.45,213.0,205.25,211.2,211.25,210.15,63925996,1343373668545000.0,318171,20966166,0.32799999999999996
2021-01-14,ITC,EQ,211.25,212.0,216.5,211.6,214.1,214.15,214.33,48304263,1035310893360000.0,241528,15152865,0.31370000000000003
2021-01-15,ITC,EQ,214.15,214.9,218.5,211.2,217.9,217.85,215.81,58321158,1258626720095000.0,302828,20103362,0.3447
2021-01-18,ITC,EQ,217.85,218.4,222.0,214.6,218.05,219.75,218.93,67607822,1480146230845000.0,344233,16354918,0.24190000000000003
2021-01-19,ITC,EQ,219.75,221.0,221.7,217.5,218.95,218.85,219.4,31785089,697355528695000.0,156756,10792355,0.3395
2021-01-20,ITC,EQ,218.85,218.5,219.0,215.7,217.2,217.65,217.39,44672447,971121471275000.0,201237,19511559,0.4368
2021-01-21,ITC,EQ,217.65,219.0,219.5,212.2,215.15,213.7,216.38,28999164,627490167135000.0,158624,8567443,0.2954
2021-01-22,ITC,EQ,213.7,214.0,214.75,209.15,211.2,210.7,211.49,24712182,522635634345000.0,217555,7706391,0.3118
2021-01-25,ITC,EQ,210.7,212.0,212.5,206.85,208.15,207.8,209.04,24967899,521940390289999.94,144604,8770958,0.35130000000000006
2021-01-27,ITC,EQ,207.8,208.0,212.65,207.1,210.75,210.65,210.69,48471357,1021225763479999.9,218996,24526093,0.506
2021-01-28,ITC,EQ,210.65,209.25,211.0,205.75,206.85,206.6,208.22,22131983,460839581405000.0,131065,7441957,0.33630000000000004
2021-01-29,ITC,EQ,206.6,208.55,208.8,202.35,203.25,203.25,205.15,23764654,487528366460000.06,139430,9869530,0.4153
2021-02-01,ITC,EQ,203.25,204.0,217.95,201.8,216.55,215.95,211.22,57744414,1219698221275000.0,340533,18192320,0.315
2021-02-02,ITC,EQ,215.95,220.0,223.5,217.0,218.45,218.2,219.76,48457781,1064903622635000.0,246486,18023213,0.3719
2021-02-03,ITC,EQ,218.2,221.5,222.0,215.7,216.55,216.75,217.78,53643263,1168219881840000.0,237418,21652591,0.4036
2021-02-04,ITC,EQ,216.75,216.1,231.4,216.0,230.05,229.95,225.61,105818897,2387376883150000.0,448405,30853410,0.2916
2021-02-05,ITC,EQ,229.95,232.15,238.85,227.25,233.75,234.35,233.77,125490301,2933635411715000.0,462141,30643189,0.24420000000000003
2021-02-08,ITC,EQ,234.35,237.5,238.05,231.5,233.45,233.1,234.25,41495834,972043929150000.0,233390,15480194,0.37310000000000004
2021-02-09,ITC,EQ,233.1,234.6,239.2,228.2,228.8,229.0,232.82,70655961,1645039946385000.0,341250,27544492,0.3898
2021-02-10,ITC,EQ,229.0,229.0,231.1,223.1,228.2,227.55,227.34,47283127,1074955871070000.1,261647,19348550,0.4092
2021-02-11,ITC,EQ,227.55,229.0,229.3,224.5,226.6,226.45,226.58,43631374,988606768820000.1,272037,17767924,0.4072
2021-02-12,ITC,EQ,226.45,225.75,225.75,215.8,217.6,217.45,218.73,110568108,2418443837635000.0,514138,44471540,0.4022
2021-02-15,ITC,EQ,217.45,218.45,221.0,217.5,218.75,218.6,219.04,31776555,696035781395000.0,184189,9977289,0.314
2021-02-16,ITC,EQ,218.6,219.05,221.8,217.25,218.4,218.25,219.19,29148891,638907705095000.0,153249,6729823,0.2309
2021-02-17,ITC,EQ,218.25,217.6,218.4,216.55,217.95,217.75,217.39,19850516,431538332960000.06,125824,6879491,0.34659999999999996
2021-02-18,ITC,EQ,217.75,218.2,220.6,217.9,219.1,218.85,219.17,24070563,527559717595000.0,135239,8386274,0.34840000000000004
2021-02-19,ITC,EQ,218.85,218.85,218.9,214.0,216.5,215.95,216.9,28125203,610047901850000.0,136326,13596630,0.48340000000000005
2021-02-22,ITC,EQ,215.95,212.0,212.0,206.0,206.95,207.05,207.93,51546288,1071810796425000.0,332459,18166104,0.35240000000000005
2021-02-23,ITC,EQ,207.05,208.0,210.55,207.0,208.7,208.5,208.89,26675953,557222128905000.0,142383,8003078,0.3
2021-02-24,ITC,EQ,208.5,209.1,209.8,206.5,208.65,208.85,208.61,13160617,274548740550000.0,78718,5995087,0.45549999999999996
2021-02-25,ITC,EQ,208.85,209.5,211.2,208.8,209.2,209.15,209.99,25954142,545020788214999.94,145567,11200614,0.4316
2021-02-26,ITC,EQ,209.15,207.25,208.0,203.0,203.65,203.85,205.43,43429293,892182632929999.9,295180,24158667,0.5563
2021-03-01,ITC,EQ,203.85,205.45,207.75,204.05,207.0,206.9,206.05,16225536,334333014770000.0,139486,4979596,0.3069
2021-03-02,ITC,EQ,206.9,207.0,210.8,206.5,210.0,209.9,209.53,25604169,536490929364999.94,147297,9434407,0.3685
2021-03-03,ITC,EQ,209.9,212.0,212.0,208.8,209.95,209.95,210.22,20846117,438222605530000.0,123925,9513456,0.45640000000000003
2021-03-04,ITC,EQ,209.95,208.8,211.3,207.6,209.8,209.7,209.74,24899212,522233598075000.0,139637,10152713,0.4078
2021-03-05,ITC,EQ,209.7,208.0,210.0,207.2,209.9,208.55,208.64,17323590,361444924785000.0,103897,6761904,0.39030000000000004
2021-03-08,ITC,EQ,208.55,209.7,210.8,207.7,207.9,208.0,208.85,22988740,480111701085000.06,112532,12924091,0.5622
2021-03-09,ITC,EQ,208.0,208.7,209.75,204.75,207.65,207.8,207.31,22593086,468379237360000.06,111233,11580362,0.5126
2021-03-10,ITC,EQ,207.8,209.1,209.2,205.8,206.4,206.5,206.76,19603214,405323266910000.0,126929,11394134,0.5811999999999999
2021-03-12,ITC,EQ,206.5,208.0,208.0,203.5,205.2,205.2,206.2,30787960,634837859600000.0,188084,16913213,0.5493
2021-03-15,ITC,EQ,205.2,205.85,206.0,201.6,205.5,205.45,203.3,41115906,835881987305000.0,194868,25130483,0.6112
2021-03-16,ITC,EQ,205.45,206.4,208.9,204.95,208.35,207.85,207.32,48763187,1010944354660000.0,175982,30295783,0.6213000000000001
2021-03-17,ITC,EQ,207.85,212.2,213.9,208.55,210.95,210.6,211.24,78578698,1659932390390000.0,310723,32943174,0.4192
2021-03-18,ITC,EQ,210.6,213.0,219.1,211.9,219.0,217.65,215.44,91993104,1981907922805000.0,364689,44278789,0.48130000000000006
2021-03-19,ITC,EQ,217.65,219.0,226.15,215.55,222.8,222.95,221.92,134184994,2977769853830000.0,523004,65288056,0.4866
2021-03-22,ITC,EQ,222.95,223.3,226.4,221.5,226.0,226.0,224.4,46050245,1033378893770000.1,207251,18744523,0.40700000000000003
2021-03-23,ITC,EQ,226.0,225.0,228.1,221.3,222.05,222.2,224.28,41564683,932218912629999.9,237234,16416079,0.395
2021-03-24,ITC,EQ,222.2,221.0,222.8,215.25,216.3,215.95,218.64,27609243,603659160865000.0,160693,10623677,0.3848
2021-03-25,ITC,EQ,215.95,215.15,215.95,209.05,213.9,211.6,211.67,40681282,861115129960000.0,231111,21568507,0.5302
2021-03-26,ITC,EQ,211.6,214.25,214.45,210.35,210.9,210.9,212.16,26079435,553312095089999.94,156755,10734264,0.41159999999999997
2021-03-30,ITC,EQ,210.9,213.25,215.0,210.4,214.65,214.55,212.69,27792437,591124754825000.0,147081,12175778,0.43810000000000004
2021-03-31,ITC,EQ,214.55,214.05,219.3,212.7,217.8,218.5,217.38,36485322,793132989355000.0,162814,18894707,0.5179
2021-04-01,ITC,EQ,218.5,220.0,220.6,217.3,220.05,220.05,219.11,29062762,636798575390000.0,125473,14556236,0.5009
2021-04-05,ITC,EQ,220.05,217.6,220.0,210.5,211.95,212.55,213.47,31378045,669839826615000.0,220759,14361225,0.45770000000000005
2021-04-06,ITC,EQ,212.55,213.8,214.95,210.15,212.8,212.65,212.66,25674227,545984773639999.94,143881,7693023,0.29960000000000003
2021-04-07,ITC,EQ,212.65,212.7,215.2,212.45,213.65,213.8,214.02,15204883,325414765505000.0,96741,4328409,0.2847
2021-04-08,ITC,EQ,213.8,214.85,216.1,212.85,213.5,213.25,214.28,14116874,302493082740000.0,81632,6140411,0.435
2021-04-09,ITC,EQ,213.25,213.75,215.95,212.55,213.25,213.1,213.94,16364247,350103203770000.0,110013,5977901,0.3653
2021-04-12,ITC,EQ,213.1,210.0,211.0,205.0,205.3,205.3,207.32,34511670,715503628270000.0,256517,16599695,0.48100000000000004
2021-04-13,ITC,EQ,205.3,207.0,209.7,206.0,208.65,208.7,207.75,20247639,420642273890000.0,133141,6523657,0.3222
2021-04-15,ITC,EQ,208.7,209.0,210.45,206.0,207.1,206.7,207.4,17530742,363594496060000.0,126577,7808066,0.4454
2021-04-16,ITC,EQ,206.7,208.0,209.25,206.5,208.0,207.95,208.25,13311926,277226453905000.03,82765,5335862,0.4008
2021-04-19,ITC,EQ,207.95,205.0,206.1,203.75,206.0,205.6,204.81,15792299,323434446890000.0,141500,7435713,0.4708
2021-04-20,ITC,EQ,205.6,206.2,207.0,202.5,203.15,203.55,204.65,21364882,437241310200000.0,158567,10308540,0.4825
2021-04-22,ITC,EQ,203.55,202.0,206.3,200.55,205.85,205.9,204.38,23139735,472940535805000.0,128190,11325257,0.4894
2021-04-23,ITC,EQ,205.9,204.25,207.0,204.25,205.05,205.35,206.06,19625381,404391426555000.0,92702,10231587,0.5213
2021-04-26,ITC,EQ,205.35,205.8,206.75,204.7,205.5,205.3,205.64,19886214,408936959650000.0,103777,11449231,0.5757
2021-04-27,ITC,EQ,205.3,205.3,206.95,205.05,205.5,205.4,205.85,11444814,235588668785000.0,94890,4863874,0.425
2021-04-28,ITC,EQ,205.4,206.0,206.5,205.3,205.65,205.5,205.96,12708021,261732731275000.0,69476,7221020,0.5682
2021-04-29,ITC,EQ,205.5,207.1,207.55,204.05,204.4,204.3,205.37,13096755,268964176180000.03,95800,5887019,0.4495
2021-04-30,ITC,EQ,204.3,203.9,205.7,202.0,202.4,202.6,203.73,16495657,336064882550000.0,124300,8268973,0.5013000000000001
2021-05-03,ITC,EQ,202.6,201.2,201.85,200.0,201.1,200.95,200.87,20611626,414035038040000.0,189472,11090236,0.5381
2021-05-04,ITC,EQ,200.95,201.2,202.35,199.1,199.75,199.6,200.61,18259282,366295011030000.0,150994,8722406,0.4777
2021-05-05,ITC,EQ,199.6,201.45,202.0,199.5,202.0,201.4,200.5,13862655,277952841900000.0,108117,6017450,0.4341
2021-05-06,ITC,EQ,201.4,202.3,205.95,202.1,203.0,202.75,203.61,14320889,291580860725000.0,95114,4163348,0.2907
2021-05-07,ITC,EQ,202.75,202.95,206.45,202.95,205.5,205.35,205.43,19463495,399836708370000.0,104887,7401788,0.3803
2021-05-10,ITC,EQ,205.35,207.15,207.45,205.0,205.8,205.55,205.8,16295368,335351904295000.0,113301,8262185,0.507
2021-05-11,ITC,EQ,205.55,203.9,206.5,203.75,204.1,204.0,204.73,13747541,281452695150000.0,96933,7219732,0.5252
2021-05-12,ITC,EQ,204.0,203.9,205.25,202.85,203.6,203.25,203.74,16537612,336941305840000.0,104661,8207535,0.4963
2021-05-14,ITC,EQ,203.25,205.0,213.2,204.0,213.05,212.25,210.46,61647120,1297396436610000.0,316512,17758207,0.28809999999999997
2021-05-17,ITC,EQ,212.25,216.8,217.0,211.65,212.75,212.6,213.71,38001828,812125772415000.0,213490,12854695,0.3383
2021-05-18,ITC,EQ,212.6,214.1,214.6,209.65,210.2,210.05,211.35,30479551,644195205740000.0,167993,15760619,0.5171
2021-05-19,ITC,EQ,210.05,210.05,211.4,207.55,207.85,207.75,208.6,24405319,509090501095000.0,155659,13273360,0.5439
2021-05-20,ITC,EQ,207.75,208.45,209.3,206.8,207.1,207.0,207.59,20884367,433532316285000.06,132564,10936634,0.5236999999999999
2021-05-21,ITC,EQ,207.0,207.6,209.85,207.4,209.05,209.05,208.92,22638020,472957712395000.0,132199,10818716,0.4779
2021-05-24,ITC,EQ,209.05,209.5,212.05,207.75,211.55,211.5,209.99,28865798,606166288135000.0,155678,16372254,0.5672
2021-05-25,ITC,EQ,211.5,213.0,213.4,210.25,211.05,210.9,211.96,25334878,537008859460000.06,137177,13069831,0.5159
2021-05-26,ITC,EQ,210.9,211.8,212.45,210.3,210.9,210.6,211.33,17576137,371435878355000.0,88996,9649911,0.549
2021-05-27,ITC,EQ,210.6,211.0,214.15,210.3,211.2,211.15,211.94,47554219,1007877697200000.0,172315,28538996,0.6001
2021-05-28,ITC,EQ,211.15,212.5,213.5,211.55,212.9,212.9,212.72,25597550,544519130175000.0,114742,13809975,0.5395000000000001
2021-05-31,ITC,EQ,212.9,215.0,217.9,214.4,217.0,216.6,216.76,73039531,1583176453735000.0,297258,32947074,0.4511
2021-06-01,ITC,EQ,216.6,218.0,219.4,214.25,215.9,215.25,216.54,38755111,839221513465000.0,196487,18758663,0.484
2021-06-02,ITC,EQ,215.25,210.5,212.45,208.6,209.05,209.0,210.07,96654991,2030436377795000.0,397935,60639383,0.6274000000000001
2021-06-03,ITC,EQ,209.0,210.75,210.75,208.7,209.1,209.05,209.38,46657520,976892689204999.9,186083,31220588,0.6691
2021-06-04,ITC,EQ,209.05,209.5,209.7,208.0,209.55,208.75,208.53,30126021,628211659490000.0,147023,19314602,0.6411
2021-06-07,ITC,EQ,208.75,210.4,212.4,210.2,211.75,211.45,211.52,31433280,664863946830000.0,156997,18131098,0.5768
2021-06-08,ITC,EQ,211.45,212.2,214.25,211.2,213.8,213.65,212.77,21261361,452368624100000.0,126001,9657352,0.45420000000000005
2021-06-09,ITC,EQ,213.65,214.0,214.75,211.5,212.55,212.5,213.34,24887924,530949958410000.06,119309,15123894,0.6077
2021-06-10,ITC,EQ,212.5,208.7,211.4,207.5,209.75,209.3,209.31,30719587,642996610585000.0,186336,15190492,0.49450000000000005
2021-06-11,ITC,EQ,209.3,210.3,210.45,207.75,208.0,207.9,208.6,21424291,446915704950000.0,138839,12707358,0.5931000000000001
2021-06-14,ITC,EQ,207.9,207.95,208.45,205.2,207.55,207.3,206.83,17677889,365633410195000.0,133072,9437208,0.5338
2021-06-15,ITC,EQ,207.3,207.55,208.4,207.0,207.1,207.05,207.54,14854294,308282385850000.0,110907,8322105,0.5602
2021-06-16,ITC,EQ,207.05,207.05,209.35,207.05,207.45,207.85,208.28,20104244,418737076780000.0,103261,10366304,0.5156000000000001
2021-06-17,ITC,EQ,207.85,206.95,208.0,205.0,205.5,205.65,206.25,21476893,442950443450000.0,173639,12738431,0.5931000000000001
2021-06-18,ITC,EQ,205.65,206.0,206.45,202.5,204.85,204.55,204.27,23567549,481411795130000.0,179302,13762293,0.584
2021-06-21,ITC,EQ,204.55,203.1,206.0,202.4,204.7,204.45,204.54,19074685,390156173875000.0,150105,10540012,0.5526
2021-06-22,ITC,EQ,204.45,206.1,206.25,204.35,205.2,205.1,205.11,18042675,370078971575000.0,113081,10051913,0.5571
2021-06-23,ITC,EQ,205.1,205.65,205.85,203.6,204.05,203.95,204.47,12575210,257124371990000.0,132740,7412553,0.5895
2021-06-24,ITC,EQ,203.95,204.45,204.65,202.55,203.95,203.25,203.18,22435272,455843881950000.0,145424,14094355,0.6282
2021-06-25,ITC,EQ,203.25,204.0,205.6,203.75,205.0,205.05,204.79,13877208,284190131970000.0,140517,7806217,0.5625
2021-06-28,ITC,EQ,205.05,205.9,205.9,203.35,203.7,203.6,203.99,14627153,298382002825000.0,117711,9628768,0.6583
2021-06-29,ITC,EQ,203.6,203.6,205.3,203.15,203.25,203.3,203.84,13326068,271634602885000.0,107509,7115203,0.5339
2021-06-30,ITC,EQ,203.3,204.3,204.4,202.55,202.7,202.7,203.25,15942408,324023446675000.0,122092,9379338,0.5883
2021-07-01,ITC,EQ,202.7,202.9,203.8,202.15,203.1,203.0,203.03,10191296,206916264925000.0,68663,4631882,0.4545
2021-07-02,ITC,EQ,203.0,203.3,203.7,202.25,202.45,202.4,202.75,12698779,257469630350000.0,132029,7041308,0.5545
2021-07-05,ITC,EQ,202.4,203.0,204.1,202.7,203.65,203.65,203.38,10248249,208429071445000.0,75097,5324082,0.5195000000000001
2021-07-06,ITC,EQ,203.65,203.25,203.8,202.25,202.6,202.5,203.1,11088659,225209279540000.0,95117,6585054,0.5939
2021-07-07,ITC,EQ,202.5,202.5,205.2,202.3,203.9,203.75,203.87,17879443,364516328400000.0,91964,9646809,0.5395000000000001
2021-07-08,ITC,EQ,203.75,203.5,204.5,201.8,202.05,202.0,202.54,20925008,423819128905000.0,141373,13451340,0.6428
2021-07-09,ITC,EQ,202.0,202.0,202.35,200.9,201.45,201.35,201.63,11834045,238605174294999.97,95596,6495070,0.5488000000000001
2021-07-12,ITC,EQ,201.35,202.0,202.55,200.95,201.1,201.1,201.68,13085323,263909206615000.0,95000,7825684,0.5981000000000001
2021-07-13,ITC,EQ,201.1,202.0,202.2,201.35,202.05,201.85,201.75,10830411,218506411300000.0,66272,6620288,0.6113000000000001
2021-07-14,ITC,EQ,201.85,201.85,205.15,201.7,203.95,204.1,203.56,20480406,416903730015000.0,106786,8811621,0.4302
2021-07-15,ITC,EQ,204.1,204.4,208.5,202.9,206.4,206.25,205.96,28852257,594245016965000.0,148819,13002377,0.4507
2021-07-16,ITC,EQ,206.25,207.7,209.65,207.2,207.85,207.9,208.43,29019824,604858873110000.0,163226,15320511,0.5279
2021-07-19,ITC,EQ,207.9,206.8,209.5,206.35,208.0,207.75,208.11,16464973,342647269850000.0,110856,7638694,0.46390000000000003
2021-07-20,ITC,EQ,207.75,208.2,209.3,206.4,206.6,206.8,207.8,23656813,491578269245000.0,161404,13024081,0.5505
2021-07-22,ITC,EQ,206.8,207.0,208.25,205.85,207.0,207.0,207.03,18311537,379102737890000.0,101678,10246304,0.5596
2021-07-23,ITC,EQ,207.0,207.0,213.6,206.5,212.45,212.4,210.93,44526781,939193741595000.1,253121,22931963,0.515
2021-07-26,ITC,EQ,212.4,214.0,215.35,210.8,211.05,211.15,213.27,47263771,1007976784715000.0,276749,19514256,0.4129
2021-07-27,ITC,EQ,211.15,212.0,213.0,207.95,208.8,208.65,210.31,24436949,513928526189999.94,131878,12610541,0.516
2021-07-28,ITC,EQ,208.65,208.3,210.0,207.45,209.2,209.1,208.88,14736840,307827539835000.0,140082,7335884,0.4978
2021-07-29,ITC,EQ,209.1,209.1,210.2,205.65,206.0,206.05,207.81,15603733,324254150385000.0,119278,8615259,0.5521
2021-07-30,ITC,EQ,206.05,206.1,207.1,204.6,205.05,204.95,205.63,14940336,307217303400000.0,102568,8579574,0.5743
2021-08-02,ITC,EQ,204.95,206.45,207.5,205.45,207.2,207.3,206.59,9674128,199861125490000.0,73105,5358505,0.5539000000000001
2021-08-03,ITC,EQ,207.3,207.5,210.9,206.45,209.75,209.9,209.37,18468527,386671636505000.0,114086,8449335,0.4575
2021-08-04,ITC,EQ,209.9,210.9,211.1,208.1,208.65,208.6,209.38,10998260,230278144735000.0,80790,5959442,0.5418999999999999
2021-08-05,ITC,EQ,208.6,208.6,216.75,206.9,215.0,215.25,213.38,47178466,1006702096635000.0,243882,22297896,0.47259999999999996
2021-08-06,ITC,EQ,215.25,215.4,216.0,212.6,214.6,214.25,214.19,23581637,505087654430000.0,133898,11335234,0.4807
2021-08-09,ITC,EQ,214.25,215.0,217.15,212.7,213.7,213.8,214.89,20358146,437474571660000.06,140681,9788836,0.4808
2021-08-10,ITC,EQ,213.8,214.0,214.45,208.55,210.0,209.85,211.36,18155926,383737496340000.0,122060,10446912,0.5754
2021-08-11,ITC,EQ,209.85,209.85,210.6,207.45,208.7,208.65,208.61,15418634,321654721480000.0,112589,8964786,0.5814
2021-08-12,ITC,EQ,208.65,210.25,214.2,208.35,208.9,208.9,210.26,27692208,582260632455000.0,155350,10822541,0.3908
2021-08-13,ITC,EQ,208.9,209.85,212.3,209.2,211.35,211.45,211.24,18850939,398205839600000.0,139319,7802940,0.4139
2021-08-16,ITC,EQ,211.45,211.4,213.25,210.5,211.0,210.9,211.93,11190075,237146706335000.0,90617,5445762,0.4867
2021-08-17,ITC,EQ,210.9,210.8,211.5,208.8,208.95,209.2,209.63,7858486,164737665775000.0,77453,3836077,0.48810000000000003
2021-08-18,ITC,EQ,209.2,209.6,211.5,208.35,209.3,208.95,209.49,10735658,224901431450000.0,76896,4565354,0.4253
2021-08-20,ITC,EQ,208.95,207.0,210.7,206.7,208.4,208.9,208.46,19421004,404841663770000.0,119445,7894513,0.4065
2021-08-23,ITC,EQ,208.9,209.5,210.2,206.0,206.2,206.3,207.76,9936365,206433794265000.0,83271,4098694,0.41250000000000003
2021-08-24,ITC,EQ,206.3,207.0,207.0,204.7,205.75,205.75,205.71,12490094,256933439885000.0,90980,6518681,0.5219
2021-08-25,ITC,EQ,205.75,206.4,207.9,206.0,206.3,206.4,207.06,10586894,219213050425000.0,74105,5826330,0.5503
2021-08-26,ITC,EQ,206.4,206.4,206.85,204.35,204.85,204.6,205.45,14836173,304806849670000.0,84248,8338144,0.562
2021-08-27,ITC,EQ,204.6,205.0,206.85,204.9,206.05,205.9,205.99,10476384,215805945615000.0,60983,6425432,0.6133
2021-08-30,ITC,EQ,205.9,206.0,208.2,206.0,208.05,208.0,207.0,12084844,250156015160000.0,76605,7342135,0.6075
2021-08-31,ITC,EQ,208.0,208.05,211.6,207.25,211.0,211.3,210.24,25808430,542603405239999.94,123479,16684705,0.6465000000000001
2021-09-01,ITC,EQ,211.3,211.0,212.3,209.3,209.55,209.5,210.09,16241960,341233450565000.0,76728,9752416,0.6004
2021-09-02,ITC,EQ,209.5,209.0,211.5,209.0,209.75,209.75,210.23,14321164,301075275710000.0,82922,8277589,0.578
2021-09-03,ITC,EQ,209.75,209.75,211.25,209.75,210.45,210.6,210.61,10228853,215427677600000.0,72526,5485501,0.5363
2021-09-06,ITC,EQ,210.6,211.0,211.2,209.05,209.05,209.3,209.97,10632156,223240794755000.03,74738,7115703,0.6693000000000001
2021-09-07,ITC,EQ,209.3,210.9,214.35,210.15,211.85,211.75,212.45,37489544,796467066825000.0,197323,16809450,0.4484
2021-09-08,ITC,EQ,211.75,212.25,213.0,209.7,211.05,211.25,211.42,17233315,364353382205000.0,100955,9958470,0.5779
2021-09-09,ITC,EQ,211.25,211.05,213.9,210.55,212.95,212.65,212.57,19051252,404966406915000.0,106146,10214863,0.5362
2021-09-13,ITC,EQ,212.65,213.35,215.15,211.8,213.9,214.15,213.73,16043896,342900168140000.0,114592,8147669,0.5078
2021-09-14,ITC,EQ,214.15,214.9,217.25,214.2,216.75,216.1,216.03,19621849,423897582325000.0,149992,9221721,0.47000000000000003
2021-09-15,ITC,EQ,216.1,217.1,217.2,215.3,215.7,216.0,215.9,20248758,437170428070000.0,103557,13749583,0.679
2021-09-16,ITC,EQ,216.0,216.95,233.65,216.3,230.3,230.75,229.26,149238901,3421502641875000.0,734612,44833384,0.3004
2021-09-17,ITC,EQ,230.75,233.0,237.3,229.1,231.5,231.15,232.96,79501805,1852103521255000.0,406400,26808048,0.3372
2021-09-20,ITC,EQ,231.15,231.0,239.35,230.25,232.95,233.75,235.83,70390969,1660052683540000.0,419200,24057714,0.3418
2021-09-21,ITC,EQ,233.75,234.95,242.45,231.7,241.55,241.5,237.79,56671832,1347621971975000.0,327928,19197880,0.33880000000000005
2021-09-22,ITC,EQ,241.5,243.5,245.8,240.7,243.0,243.5,243.28,52621868,1280204832710000.0,309101,22171661,0.4213
2021-09-23,ITC,EQ,243.5,245.0,245.6,241.7,242.35,242.5,243.18,21791090,529922864039999.94,198020,10092922,0.4632
2021-09-24,ITC,EQ,242.5,244.0,244.0,237.7,238.2,238.45,240.27,24823291,596425116840000.0,210081,11708286,0.4717
2021-09-27,ITC,EQ,238.45,239.8,241.85,235.5,238.5,238.7,238.63,22890540,546246972810000.06,164828,8855963,0.38689999999999997
2021-09-28,ITC,EQ,238.7,239.85,241.6,236.3,237.25,237.75,238.82,15713947,375287373475000.0,126931,6473185,0.4119
2021-09-29,ITC,EQ,237.75,236.0,241.4,235.7,237.85,238.1,238.18,15450046,367985665290000.0,125680,6183100,0.40020000000000006
2021-09-30,ITC,EQ,238.1,239.9,240.4,235.25,235.8,236.15,237.68,16357902,388788698270000.0,120162,8001445,0.4891
2021-10-01,ITC,EQ,236.15,235.2,237.0,232.9,235.25,235.35,234.62,15956143,374368033405000.0,136058,6563294,0.41130000000000005
2021-10-04,ITC,EQ,235.35,236.0,238.35,235.4,236.6,236.6,236.93,10686552,253193078350000.0,105551,4570937,0.4277
2021-10-05,ITC,EQ,236.6,236.4,237.45,234.5,234.6,234.7,235.35,9223597,217074155794999.97,94090,4699478,0.5095000000000001
2021-10-06,ITC,EQ,234.7,234.8,236.4,230.6,230.9,231.25,232.89,17505160,407671872515000.0,112565,9907202,0.5660000000000001
2021-10-07,ITC,EQ,231.25,233.0,234.95,232.3,232.95,232.95,233.59,10371535,242266614755000.03,85072,5157574,0.49729999999999996
2021-10-08,ITC,EQ,232.95,234.75,234.8,231.2,231.9,231.7,232.63,9739240,226563807615000.0,89186,4347984,0.4464
2021-10-11,ITC,EQ,231.7,232.0,239.5,231.7,238.2,238.05,236.17,21184428,500305496130000.0,153853,9900712,0.46740000000000004
2021-10-12,ITC,EQ,238.05,238.6,243.0,238.0,241.3,241.3,240.78,29222028,703610515875000.0,205242,11646287,0.3985
2021-10-13,ITC,EQ,241.3,242.55,250.9,240.15,250.9,249.2,245.44,50159625,1231128756695000.0,259485,23041573,0.4594
2021-10-14,ITC,EQ,249.2,253.25,261.85,250.35,256.3,256.55,256.08,85406902,2187124333509999.8,447958,35651835,0.41740000000000005
2021-10-18,ITC,EQ,256.55,261.0,265.3,257.35,261.8,262.55,261.24,60292901,1575121629540000.0,318410,31847322,0.5282
2021-10-19,ITC,EQ,262.55,261.4,262.55,245.05,246.1,245.95,251.38,59061766,1484710658720000.0,445769,24569236,0.41600000000000004
2021-10-20,ITC,EQ,245.95,245.95,248.5,242.35,246.5,246.6,245.66,47822165,1174793331900000.0,230234,23788245,0.4974
2021-10-21,ITC,EQ,246.6,248.0,248.35,243.1,244.7,244.7,244.77,22518727,551197528730000.0,143909,11701284,0.5196000000000001
2021-10-22,ITC,EQ,244.7,244.7,245.8,233.7,236.5,236.6,238.65,35537151,848076647685000.0,236176,17009316,0.4786
2021-10-25,ITC,EQ,236.6,234.1,236.65,230.5,233.0,233.4,233.82,22333919,522206717160000.06,159014,10292852,0.46090000000000003
2021-10-26,ITC,EQ,233.4,234.1,239.0,232.6,238.75,236.7,235.05,18934170,445056403895000.0,150678,8686277,0.45880000000000004
2021-10-27,ITC,EQ,236.7,240.25,241.3,236.2,238.95,238.45,239.14,25911499,619646684350000.0,178935,7962038,0.3073
2021-10-28,ITC,EQ,238.45,235.1,235.95,224.15,225.15,225.1,228.88,46282465,1059330675735000.0,374260,21023555,0.45420000000000005
2021-10-29,ITC,EQ,225.1,225.0,228.25,222.3,223.45,223.2,225.09,26642108,599679962785000.0,209691,12629129,0.474
2021-11-01,ITC,EQ,223.2,224.15,227.55,222.5,226.8,226.85,224.82,23197539,521517112870000.0,136114,14254678,0.6145
2021-11-02,ITC,EQ,226.85,228.0,229.25,224.5,226.0,225.6,226.05,14343859,324235965715000.0,120551,6928470,0.483
2021-11-03,ITC,EQ,225.6,226.0,226.85,221.7,222.75,222.45,223.82,17843327,399362345420000.0,119495,11487403,0.6437999999999999
2021-11-04,ITC,EQ,222.45,224.85,227.3,224.0,227.15,226.55,225.88,7024796,158676803620000.0,106228,4126838,0.5875
2021-11-08,ITC,EQ,226.55,229.7,230.7,225.7,229.65,229.8,228.22,20270558,462614777439999.94,168607,9872907,0.48710000000000003
2021-11-09,ITC,EQ,229.8,229.85,230.9,227.85,228.85,228.75,229.11,11520817,263953349285000.0,131594,5224823,0.4535
2021-11-10,ITC,EQ,228.75,227.45,232.85,227.2,230.75,230.85,230.52,13431108,309618259800000.0,110805,4693940,0.34950000000000003
2021-11-11,ITC,EQ,230.85,230.4,231.5,228.55,230.2,230.0,229.65,8134962,186817985730000.0,96104,3356619,0.41259999999999997
2021-11-12,ITC,EQ,230.0,231.2,233.95,229.15,232.85,232.9,231.88,11855531,274907868550000.0,99013,4459244,0.3761
2021-11-15,ITC,EQ,232.9,233.95,239.0,233.1,238.15,238.1,236.77,38755267,917615420800000.0,176533,21205338,0.5472
2021-11-16,ITC,EQ,238.1,239.05,239.65,235.0,235.25,235.45,237.36,14675969,348346276440000.0,97861,7990381,0.5445000000000001
2021-11-17,ITC,EQ,235.45,236.0,245.25,235.65,239.3,239.5,240.97,46697822,1125290064460000.0,246949,15742715,0.3371
2021-11-18,ITC,EQ,239.5,240.0,243.0,236.3,237.65,237.5,239.33,20226071,484073121720000.0,155791,6235411,0.30829999999999996
2021-11-22,ITC,EQ,237.5,237.9,240.75,229.55,230.65,230.9,234.65,22574227,529715435635000.06,208402,9151955,0.4054
2021-11-23,ITC,EQ,230.9,229.15,232.7,229.15,231.6,231.6,231.58,13433385,311090069685000.0,108687,5619040,0.4183
2021-11-24,ITC,EQ,231.6,232.45,232.7,226.95,227.2,227.7,230.18,14139854,325470810485000.0,115870,7123530,0.5038
2021-11-25,ITC,EQ,227.7,227.0,232.2,225.75,231.75,231.3,229.18,23904846,547860632960000.06,156605,8611244,0.3602
2021-11-26,ITC,EQ,231.3,228.9,230.05,223.1,223.6,224.0,225.91,27027022,610558897890000.0,245321,14680176,0.5432
2021-11-29,ITC,EQ,224.0,222.0,223.65,220.2,221.7,221.5,221.89,22132952,491117071155000.0,165328,12432385,0.5617
2021-11-30,ITC,EQ,221.5,222.0,225.2,220.0,221.7,221.15,222.37,23503453,522640626210000.06,175420,14090658,0.5995
2021-12-01,ITC,EQ,221.15,222.0,223.3,220.6,222.45,221.9,221.74,12995800,288163020960000.0,88476,7655675,0.5891
2021-12-02,ITC,EQ,221.9,221.9,226.15,221.3,225.4,225.45,223.81,15904846,355958747790000.0,108458,8098598,0.5092
2021-12-03,ITC,EQ,225.45,225.0,226.2,221.35,221.5,221.65,223.15,13794647,307828119370000.0,130988,7478145,0.5421
2021-12-06,ITC,EQ,221.65,221.65,222.2,217.5,217.7,217.9,219.34,13138355,288180265210000.0,132878,7003402,0.5331
2021-12-07,ITC,EQ,217.9,218.9,221.95,218.1,220.7,220.65,219.99,8903842,195873801810000.0,99015,3596089,0.40390000000000004
2021-12-08,ITC,EQ,220.65,221.0,225.65,221.0,224.7,224.95,223.46,9861847,220373073910000.0,84237,4179653,0.4238
2021-12-09,ITC,EQ,224.95,223.0,236.45,223.0,236.0,235.4,231.46,38241864,885129020679999.9,216236,11266040,0.29460000000000003
2021-12-10,ITC,EQ,235.4,236.2,238.95,233.75,235.9,236.1,236.19,35162889,830511586490000.0,246387,11667957,0.3318
2021-12-13,ITC,EQ,236.1,238.0,238.75,234.15,234.7,234.6,236.45,22054342,521469638810000.06,154806,9908604,0.44930000000000003
2021-12-14,ITC,EQ,234.6,235.0,237.1,227.55,228.2,228.6,231.71,37508445,869126267975000.0,228230,12976552,0.34600000000000003
2021-12-15,ITC,EQ,228.6,230.0,232.2,223.4,223.95,224.05,226.31,34653042,784249253160000.0,304419,13185906,0.3805
2021-12-16,ITC,EQ,224.05,226.0,226.15,220.8,223.4,222.9,222.54,24199205,538534774239999.94,177983,11373986,0.47000000000000003
2021-12-17,ITC,EQ,222.9,222.8,222.85,216.75,218.1,217.95,219.44,29683982,651377874265000.0,191038,17892529,0.6028
2021-12-20,ITC,EQ,217.95,216.25,216.25,209.8,212.5,212.4,212.17,37340790,792252325475000.0,227969,19859943,0.5319
2021-12-21,ITC,EQ,212.4,214.0,215.45,211.05,212.5,212.5,213.34,19395604,413778557555000.0,171292,9331569,0.4811
2021-12-22,ITC,EQ,212.5,214.0,214.2,211.1,212.3,212.0,212.19,17239484,365804549120000.0,129572,9878074,0.573
2021-12-23,ITC,EQ,212.0,213.9,218.45,213.2,217.4,217.3,216.7,22209720,481273929925000.0,156292,9679762,0.43579999999999997
2021-12-24,ITC,EQ,217.3,218.0,220.45,216.45,218.0,218.0,218.36,16581585,362077749585000.0,103848,5723522,0.34520000000000006
2021-12-27,ITC,EQ,218.0,218.4,218.45,215.65,217.7,217.55,217.19,8153106,177077146920000.0,77113,3553195,0.43579999999999997
2021-12-28,ITC,EQ,217.55,218.0,220.6,218.0,219.8,220.05,219.63,11568803,254081506369999.97,86204,6279219,0.5428000000000001
2021-12-29,ITC,EQ,220.05,220.0,220.3,216.3,216.6,216.75,217.75,11480954,249994236485000.0,100463,6633405,0.5778
2021-12-30,ITC,EQ,216.75,216.6,217.9,215.5,216.45,216.0,216.49,9741198,210883263330000.0,81763,4763815,0.489
2021-12-31,ITC,EQ,216.0,216.9,218.8,216.15,218.0,218.05,217.96,7583815,165299740570000.0,73078,3466540,0.4571
2022-01-03,ITC,EQ,218.05,218.05,219.85,217.05,219.1,219.1,218.68,7765495,169813958470000.0,90982,3536174,0.4554
2022-01-04,ITC,EQ,219.1,219.5,221.7,219.05,219.8,220.25,220.23,9050253,199314252745000.0,74888,4546218,0.5023
2022-01-05,ITC,EQ,220.25,219.65,221.5,218.65,220.35,220.55,220.27,11230588,247377270775000.0,87423,4987928,0.4441
2022-01-06,ITC,EQ,220.55,219.0,220.4,218.2,218.75,218.7,218.75,8950589,195794513950000.0,81908,4520748,0.5051
2022-01-07,ITC,EQ,218.7,219.8,220.65,217.5,218.45,218.4,218.9,8855041,193837110905000.0,81330,4486192,0.5065999999999999
2022-01-10,ITC,EQ,218.4,219.9,224.7,218.9,223.3,223.3,222.88,15841299,353068013230000.0,121707,6645530,0.41950000000000004
2022-01-11,ITC,EQ,223.3,223.35,224.25,221.2,222.0,221.95,222.43,8020695,178405380630000.0,97475,4607116,0.5744
2022-01-12,ITC,EQ,221.95,222.5,223.65,221.6,222.5,222.75,222.71,13158894,293067379765000.0,89408,8382352,0.637
2022-01-13,ITC,EQ,222.75,223.9,225.8,222.75,223.9,223.95,223.92,11501088,257533004694999.97,128264,5351318,0.46530000000000005
2022-01-14,ITC,EQ,223.95,223.95,224.8,222.3,222.9,222.6,223.49,10569725,236222636569999.97,84726,6078505,0.5751
2022-01-17,ITC,EQ,222.6,222.6,225.6,221.35,224.75,224.6,223.95,12318313,275872309990000.0,86056,6318200,0.5129
2022-01-18,ITC,EQ,224.6,224.6,227.3,220.3,220.6,220.75,223.59,14394097,321835373420000.0,119118,6290866,0.43700000000000006
2022-01-19,ITC,EQ,220.75,220.75,222.4,218.7,220.4,220.35,220.28,11473796,252739722015000.0,87833,5730573,0.4994
2022-01-20,ITC,EQ,220.35,220.55,222.15,218.0,219.1,218.75,219.95,17329896,381170963510000.0,131195,10992084,0.6343
2022-01-21,ITC,EQ,218.75,218.5,220.5,216.0,217.3,217.05,218.4,16586264,362252193200000.0,127609,8458251,0.51
2022-01-24,ITC,EQ,217.05,217.05,217.75,210.9,211.65,211.8,213.4,17354942,370347924395000.0,169142,8547510,0.5325
2022-01-25,ITC,EQ,211.8,212.0,214.7,209.55,214.05,214.3,212.33,18322935,389044049635000.0,172743,9607140,0.5243
2022-01-27,ITC,EQ,214.3,211.25,215.5,211.1,215.35,214.6,213.17,23149684,493477016185000.06,200471,14292200,0.6174000000000001
2022-01-28,ITC,EQ,214.6,215.1,219.25,215.1,217.5,217.6,218.12,15276991,333227992290000.0,113395,7820587,0.5119
2022-01-31,ITC,EQ,217.6,218.5,220.75,217.1,220.0,220.2,218.95,15039006,329284982450000.0,147611,8322228,0.5534
2022-02-01,ITC,EQ,220.2,221.0,228.8,219.15,227.9,227.75,224.71,43207074,970892918204999.9,253512,16823834,0.38939999999999997
2022-02-02,ITC,EQ,227.75,230.0,233.3,229.0,231.85,232.15,231.53,41130638,952282134260000.0,258107,18431221,0.44810000000000005
2022-02-03,ITC,EQ,232.15,232.15,235.2,231.8,233.5,234.45,233.64,27845963,650591446225000.0,192214,11700940,0.4202
2022-02-04,ITC,EQ,234.45,237.25,238.5,231.55,233.6,234.3,235.16,56705951,1333508675210000.0,326999,24798688,0.43729999999999997
2022-02-07,ITC,EQ,234.3,234.0,234.75,228.5,230.35,230.2,230.77,24171083,557785717645000.0,140323,12817471,0.5303
2022-02-08,ITC,EQ,230.2,230.3,232.3,229.05,230.95,231.25,230.62,16201280,373632533295000.0,117574,8911274,0.55
2022-02-09,ITC,EQ,231.25,232.3,233.0,228.75,230.15,230.15,230.53,11893807,274185664160000.0,96037,5358292,0.45049999999999996
2022-02-10,ITC,EQ,230.15,228.7,233.4,227.75,231.5,232.25,230.53,19563580,450989849120000.0,128409,11230132,0.574
2022-02-11,ITC,EQ,232.25,232.0,233.3,229.8,231.85,232.45,231.65,18096561,419213719640000.0,103557,11334540,0.6263000000000001
2022-02-14,ITC,EQ,232.45,226.0,226.0,218.5,219.0,219.45,222.27,22745228,505553411675000.0,195500,11513573,0.5062
2022-02-15,ITC,EQ,219.45,221.0,223.5,218.55,223.1,223.0,220.98,12875311,284520168160000.0,120496,5142512,0.3994
2022-02-16,ITC,EQ,223.0,223.8,224.7,221.85,222.4,222.75,223.37,11231596,250879071115000.0,79949,4791549,0.4266
2022-02-17,ITC,EQ,222.75,223.05,224.35,220.85,222.7,222.65,222.4,14024149,311896502475000.0,67573,7234578,0.5159
2022-02-18,ITC,EQ,222.65,222.65,223.45,221.5,221.75,221.9,222.4,8670947,192838650195000.0,59314,4721478,0.5445000000000001
2022-02-21,ITC,EQ,221.9,220.3,221.3,217.15,218.1,218.0,219.7,16129017,354354770195000.0,97652,8814338,0.5465
2022-02-22,ITC,EQ,218.0,215.0,216.9,213.0,214.65,214.85,214.65,25749340,552720571085000.06,122029,17219519,0.6687000000000001
2022-02-23,ITC,EQ,214.85,216.8,217.5,215.05,215.75,215.95,216.53,11014283,238497340480000.03,100185,5562794,0.5051
2022-02-24,ITC,EQ,215.95,210.0,213.3,207.0,209.35,208.5,210.39,41341523,869771825590000.0,223227,24141167,0.5839
2022-02-25,ITC,EQ,208.5,211.5,216.5,210.55,214.15,213.95,214.29,23633656,506444340350000.0,140701,13227204,0.5597
2022-02-28,ITC,EQ,213.95,213.2,216.45,210.8,215.9,215.85,214.43,20034633,429596296114999.94,117869,11095663,0.5538000000000001
2022-03-02,ITC,EQ,215.85,214.4,216.6,212.45,215.4,215.3,214.93,19295994,414719630890000.0,129126,12215829,0.6331
2022-03-03,ITC,EQ,215.3,216.05,220.2,216.0,219.35,219.4,218.52,28532668,623504368265000.0,122600,18281302,0.6406999999999999
2022-03-04,ITC,EQ,219.4,217.7,227.4,217.0,225.0,225.5,222.66,66835736,1488156431210000.0,284871,40825247,0.6108
2022-03-07,ITC,EQ,225.5,222.0,227.0,220.1,225.95,224.95,223.87,45258669,1013198189329999.9,226272,26504909,0.5856
2022-03-08,ITC,EQ,224.95,223.9,228.45,223.75,226.8,226.9,226.27,36036336,815400801230000.0,198973,23514703,0.6525
2022-03-09,ITC,EQ,226.9,227.7,231.4,226.1,229.0,229.25,228.8,42294906,967713645479999.9,168447,29264232,0.6919
2022-03-10,ITC,EQ,229.25,231.0,232.5,227.85,231.45,232.0,230.14,36132245,831536449935000.0,162038,22399679,0.6199
2022-03-11,ITC,EQ,232.0,231.9,237.1,230.15,234.95,236.35,234.51,41699184,977886719445000.1,194153,27730894,0.665
2022-03-14,ITC,EQ,236.35,236.25,239.45,235.3,239.0,239.0,237.88,35113638,835280384125000.0,153586,22869875,0.6513
2022-03-15,ITC,EQ,239.0,239.0,241.4,235.9,238.2,237.85,238.48,32998305,786947029125000.0,159184,20863422,0.6323
2022-03-16,ITC,EQ,237.85,240.0,243.0,239.1,242.4,242.6,240.65,21629521,520510208550000.0,132633,13145841,0.6078
2022-03-17,ITC,EQ,242.6,245.25,245.4,242.7,244.55,244.9,244.3,34223740,836095698130000.0,158119,22185292,0.6482
2022-03-21,ITC,EQ,244.9,245.9,247.75,243.8,244.5,244.5,245.28,27975134,686160174600000.0,149077,16934475,0.6053000000000001
2022-03-22,ITC,EQ,244.5,244.55,250.75,243.55,249.95,249.75,247.49,36945426,914357809370000.1,176133,21253371,0.5753
2022-03-23,ITC,EQ,249.75,251.45,253.7,248.5,251.9,252.0,251.88,40491633,1019920133650000.0,239738,23950896,0.5915
2022-03-24,ITC,EQ,252.0,251.95,256.5,251.45,254.75,254.85,254.29,38239419,972387652604999.9,187564,20850112,0.5453
2022-03-25,ITC,EQ,254.85,255.3,255.75,249.25,252.7,253.35,252.48,29284643,739370376710000.0,131798,17268364,0.5897
2022-03-28,ITC,EQ,253.35,254.0,258.0,252.55,256.2,257.05,255.73,24916402,637189006265000.0,156533,13738059,0.5514
2022-03-29,ITC,EQ,257.05,257.05,257.5,253.75,254.3,254.6,255.06,18122714,462245413639999.94,114137,10020467,0.5529000000000001
2022-03-30,ITC,EQ,254.6,255.1,256.4,248.65,249.05,249.2,251.58,17603827,442875007705000.0,125981,9256409,0.5258
2022-03-31,ITC,EQ,249.2,249.6,254.35,249.5,250.7,250.65,251.19,25656796,644467825465000.0,131890,16752131,0.6529
2022-04-01,ITC,EQ,250.65,250.0,255.35,248.8,255.05,253.3,251.32,14305709,359527935080000.0,114531,7210970,0.5041
2022-04-04,ITC,EQ,253.3,253.1,257.9,251.1,255.75,255.45,254.24,15907398,404424581955000.0,109421,7883260,0.49560000000000004
2022-04-05,ITC,EQ,255.45,256.05,261.85,255.1,259.0,259.45,258.9,27183142,703772912180000.0,178177,12451681,0.4581
2022-04-06,ITC,EQ,259.45,257.5,263.35,257.3,260.0,259.6,260.2,19597941,509932048539999.94,155736,8355630,0.4264
2022-04-07,ITC,EQ,259.6,258.0,262.2,255.8,256.7,256.65,258.62,16061089,415364142265000.0,126604,8700729,0.5417000000000001
2022-04-08,ITC,EQ,256.65,258.0,268.85,256.0,268.75,267.8,263.51,37826800,996780207385000.0,232170,15268435,0.4036
2022-04-11,ITC,EQ,267.8,268.75,273.15,266.0,267.1,267.5,269.3,46147653,1242733307840000.0,269185,17956565,0.3891
2022-04-12,ITC,EQ,267.5,266.9,268.65,263.1,264.6,264.8,265.72,23553762,625860371905000.0,150370,10509218,0.4462
2022-04-13,ITC,EQ,264.8,265.3,270.6,263.65,269.1,269.55,267.07,21414383,571918351130000.0,144139,8889619,0.41509999999999997
2022-04-18,ITC,EQ,269.55,268.0,272.5,267.25,270.35,270.1,269.67,24399444,657989997995000.0,189235,11607148,0.4757
2022-04-19,ITC,EQ,270.1,272.0,272.5,258.8,259.25,261.55,267.74,23380138,625980907000000.0,201593,11502363,0.49200000000000005
2022-04-20,ITC,EQ,261.55,262.9,265.45,257.55,259.8,259.55,260.75,24510612,639116121015000.0,205236,11056033,0.4511
2022-04-21,ITC,EQ,259.55,259.7,264.45,259.6,260.25,260.4,261.61,23412279,612499884510000.0,163869,13185005,0.5632
2022-04-22,ITC,EQ,260.4,260.0,263.0,258.55,261.1,261.1,260.66,15671273,408485240735000.0,108602,7105965,0.4534
2022-04-25,ITC,EQ,261.1,258.8,259.0,252.5,255.5,255.25,255.29,24208645,618030191015000.0,173578,13167724,0.5439
2022-04-26,ITC,EQ,255.25,256.6,260.7,256.25,258.85,258.95,258.6,20536714,531089095805000.0,110569,10774226,0.5246000000000001
2022-04-27,ITC,EQ,258.95,256.2,258.5,255.75,257.2,257.5,257.23,16580824,426503950535000.0,91550,10420875,0.6285000000000001
2022-04-28,ITC,EQ,257.5,259.5,263.7,258.15,261.95,261.1,260.79,27924384,728245733165000.0,131008,18675695,0.6688
2022-04-29,ITC,EQ,261.1,263.0,263.0,258.5,259.5,259.55,260.72,20419904,532394077164999.94,110925,13489071,0.6606000000000001
2022-05-02,ITC,EQ,259.55,258.0,264.5,257.05,263.8,263.15,261.53,18965820,496008032625000.0,158584,11565438,0.6098
2022-05-04,ITC,EQ,263.15,264.0,266.05,258.6,260.3,259.75,263.04,25951999,682648359930000.0,168036,16974299,0.6541
2022-05-05,ITC,EQ,259.75,262.0,265.2,260.4,262.0,262.05,263.04,17932895,471698671745000.0,115437,11443309,0.6381
2022-05-06,ITC,EQ,262.05,259.0,267.35,258.9,265.65,266.65,264.96,34490123,913835191510000.0,251642,19075746,0.5531
2022-05-09,ITC,EQ,266.65,266.15,266.15,260.55,263.15,262.95,263.34,21403710,563638053755000.0,203003,13686206,0.6394
2022-05-10,ITC,EQ,262.95,262.0,266.8,259.1,259.5,259.75,263.62,18033260,475385452780000.0,188902,10492376,0.5818
2022-05-11,ITC,EQ,259.75,259.0,262.2,251.75,255.6,255.65,255.9,17344099,443838775555000.0,178923,8319833,0.4797
2022-05-12,ITC,EQ,255.65,255.0,256.4,249.15,253.45,252.9,251.92,20044726,504962966945000.0,263981,10795115,0.5386
2022-05-13,ITC,EQ,252.9,254.95,260.85,254.5,258.0,258.6,258.72,11921627,308437691965000.0,129880,5186121,0.435
2022-05-16,ITC,EQ,258.6,259.95,259.95,253.0,254.35,254.1,255.88,8186859,209484015095000.0,102967,3119403,0.381
2022-05-17,ITC,EQ,254.1,255.0,265.5,254.8,265.0,264.7,262.07,17797974,466423132970000.0,164262,8774622,0.493
2022-05-18,ITC,EQ,264.7,266.0,267.8,263.15,266.5,266.8,265.52,20200332,536351478910000.06,150501,9390440,0.46490000000000004
2022-05-19,ITC,EQ,266.8,262.6,279.25,262.6,275.75,275.65,274.44,78287713,2148500954870000.0,455087,29590197,0.378
2022-05-20,ITC,EQ,275.65,277.0,282.35,277.0,280.05,280.0,280.22,32370771,907106023654999.9,217504,12223329,0.3776
2022-05-23,ITC,EQ,280.0,280.0,280.45,273.05,273.6,274.5,275.05,21700165,596863951900000.0,158072,11015168,0.5075999999999999
2022-05-24,ITC,EQ,274.5,275.0,275.0,270.0,271.0,270.85,272.23,15547968,423269712015000.0,110237,9518649,0.6122
2022-05-25,ITC,EQ,270.85,272.95,273.9,270.5,272.55,272.7,272.08,15288648,415972689410000.0,105968,8654765,0.5661
2022-05-26,ITC,EQ,272.7,268.25,268.25,263.85,266.9,266.7,265.96,18420159,489898282920000.0,137230,8540395,0.4636
2022-05-27,ITC,EQ,266.7,269.0,270.7,265.05,269.25,269.2,268.11,13468067,361087414745000.0,92366,6485952,0.4816
2022-05-30,ITC,EQ,269.2,270.5,271.0,267.6,269.0,269.05,268.88,11819102,317789681545000.0,106135,6178050,0.5227
2022-05-31,ITC,EQ,269.05,269.05,274.5,266.4,271.2,270.65,270.75,23208345,628358985380000.0,98915,12973848,0.559
2022-06-01,ITC,EQ,270.65,270.65,274.1,270.2,271.5,271.85,272.2,14699792,400134928545000.0,100701,7919917,0.5388000000000001
2022-06-02,ITC,EQ,271.85,270.7,274.45,267.85,273.0,273.5,271.97,14240994,387317681640000.0,114544,7195640,0.5053
2022-06-03,ITC,EQ,273.5,275.0,275.7,271.6,272.4,272.7,273.54,12487862,341593789430000.0,97837,5740186,0.4597
2022-06-06,ITC,EQ,272.7,272.4,275.8,269.7,274.45,274.8,273.53,10925182,298840186765000.0,87814,5476224,0.5012
2022-06-07,ITC,EQ,274.8,273.2,275.0,272.25,273.95,273.9,273.48,10828539,296136831900000.0,98015,5911338,0.5459
2022-06-08,ITC,EQ,273.9,273.95,274.4,266.2,267.8,267.9,270.49,14361969,388475958250000.0,192981,6861112,0.4777
2022-06-09,ITC,EQ,267.9,267.8,271.7,265.75,270.9,270.85,269.79,9860194,266018937410000.0,91711,4320595,0.43820000000000003
2022-06-10,ITC,EQ,270.85,269.05,271.0,268.75,269.95,270.15,269.93,8371061,225958904730000.03,79572,4166101,0.49770000000000003
2022-06-13,ITC,EQ,270.15,266.4,269.1,263.0,264.55,264.65,265.76,11092690,294794515570000.0,136517,6358342,0.5732
2022-06-14,ITC,EQ,264.65,263.2,267.45,263.05,266.0,265.45,265.65,7422193,197171947155000.0,83473,3444477,0.46409999999999996
2022-06-15,ITC,EQ,265.45,266.0,267.3,263.05,263.5,263.4,265.1,5059474,134128297380000.0,81484,2434719,0.48119999999999996
2022-06-16,ITC,EQ,263.4,267.0,267.9,259.5,260.4,260.7,262.44,14293357,375118338645000.0,142462,6579061,0.46030000000000004
2022-06-17,ITC,EQ,260.7,259.0,264.15,258.55,263.5,263.3,262.62,16654660,437386199850000.0,132372,9223765,0.5538000000000001
2022-06-20,ITC,EQ,263.3,263.3,266.15,261.35,263.9,264.1,263.83,17081136,450654317405000.0,123394,9745371,0.5705
2022-06-21,ITC,EQ,264.1,265.0,270.85,264.1,269.6,269.9,268.13,13883034,372240970195000.0,94264,7272385,0.5238
2022-06-22,ITC,EQ,269.9,267.0,270.3,264.9,265.0,265.3,267.36,11320918,302672446880000.0,115525,6826422,0.603
2022-06-23,ITC,EQ,265.3,265.5,267.25,262.4,266.35,265.5,265.08,9067252,240355332310000.0,85999,2738282,0.4829
2022-06-24,ITC,EQ,265.5,266.1,268.35,265.2,266.0,265.85,266.37,7013132,186808781525000.0,72489,3671371,0.5235000000000001
2022-06-27,ITC,EQ,265.85,267.0,270.65,266.5,270.0,269.95,269.13,8172964,219960065565000.0,81295,3892415,0.47630000000000006
2022-06-28,ITC,EQ,269.95,268.9,272.25,268.55,271.7,271.85,271.1,11240154,304719916445000.0,89068,5960912,0.5303
2022-06-29,ITC,EQ,271.85,269.25,275.0,269.15,273.35,274.05,272.44,16018449,436402474155000.0,100735,10550310,0.6586
2022-06-30,ITC,EQ,274.05,273.95,274.7,272.0,272.15,273.5,273.5,19262054,526809376695000.0,111474,11786493,0.6119
2022-07-01,ITC,EQ,273.5,273.5,285.0,271.2,284.75,284.35,279.9,35165665,984284333225000.0,217262,17917722,0.5095000000000001
2022-07-04,ITC,EQ,284.35,285.65,293.3,284.8,291.5,291.9,290.16,39881736,1157199452170000.0,236760,20299183,0.509
2022-07-05,ITC,EQ,291.9,293.0,293.0,285.75,286.75,286.9,288.48,18568655,535676675075000.0,148323,7284718,0.3923
2022-07-06,ITC,EQ,286.9,286.1,290.0,285.3,289.3,289.3,287.8,18292925,526476191914999.94,127639,8377711,0.45799999999999996
2022-07-07,ITC,EQ,289.3,291.0,293.15,288.5,291.8,291.95,291.24,13794991,401765418890000.0,92213,6750916,0.4894
2022-07-08,ITC,EQ,291.95,292.9,294.45,290.4,293.05,293.05,292.71,11110418,325211313620000.0,108058,5246205,0.4722
2022-07-11,ITC,EQ,293.05,293.0,296.95,292.05,294.8,295.0,295.09,12352667,364511449655000.0,136091,6181000,0.5004
2022-07-12,ITC,EQ,295.0,293.0,295.35,290.9,292.4,292.7,292.88,14074628,412218882570000.0,79822,9420812,0.6693000000000001
2022-07-13,ITC,EQ,292.7,293.0,294.8,292.7,294.0,294.05,293.83,9277570,272600744240000.0,91827,5213900,0.562
2022-07-14,ITC,EQ,294.05,294.3,296.35,289.15,290.4,290.85,292.96,13414357,392988106325000.0,131615,6415335,0.4782
2022-07-15,ITC,EQ,290.85,292.0,294.0,289.5,293.8,293.55,291.84,11025420,321768979070000.0,92230,5661601,0.5135000000000001
2022-07-18,ITC,EQ,293.55,295.0,296.3,293.75,295.45,295.3,295.33,11315876,334188835325000.0,97564,7068170,0.6246
2022-07-19,ITC,EQ,295.3,295.0,295.6,292.7,294.45,294.6,293.95,9188419,270095109885000.0,66167,5820317,0.6334000000000001
2022-07-20,ITC,EQ,294.6,294.9,299.5,293.6,297.8,298.2,297.46,15789281,469673172989999.94,129589,7952774,0.5037
2022-07-21,ITC,EQ,298.2,299.0,302.2,298.0,299.45,299.55,299.79,16042840,480941508555000.0,148528,5579785,0.3478
2022-07-22,ITC,EQ,299.55,300.0,302.5,298.1,299.9,300.55,300.21,9967545,299231720870000.0,132970,4578287,0.4593
2022-07-25,ITC,EQ,300.55,299.0,302.95,298.8,300.95,301.1,301.27,10640727,320578024075000.0,122416,4967446,0.4668
2022-07-26,ITC,EQ,301.1,301.0,303.75,300.45,302.1,302.45,302.28,9739177,294392115790000.0,132601,5366777,0.5511
2022-07-27,ITC,EQ,302.45,302.85,305.0,300.6,304.2,304.15,303.24,9346146,283412248265000.0,90102,4783102,0.5118
2022-07-28,ITC,EQ,304.15,304.9,305.2,302.4,303.25,303.45,303.73,10839070,329217915225000.0,116206,6054561,0.5586
2022-07-29,ITC,EQ,303.45,305.0,305.9,301.35,303.9,303.05,302.76,16932743,512659009200000.0,118230,11436379,0.6754000000000001
2022-08-01,ITC,EQ,303.05,304.0,308.8,303.1,307.8,307.5,306.64,15889556,487233024820000.0,139428,7752348,0.4879
2022-08-02,ITC,EQ,307.5,310.0,316.65,308.2,309.3,309.95,311.5,38982557,1214295730450000.0,261354,11405096,0.2926
2022-08-03,ITC,EQ,309.95,310.9,310.9,303.65,308.0,308.15,306.76,17695228,542812242714999.94,155797,9242801,0.5223
2022-08-04,ITC,EQ,308.15,308.0,310.35,307.15,309.4,309.5,309.29,15901918,491824046164999.94,133992,9863137,0.6202000000000001
2022-08-05,ITC,EQ,309.5,309.5,311.8,309.1,311.1,310.85,310.81,10088723,313564171390000.0,88921,6984036,0.6923
2022-08-08,ITC,EQ,310.85,310.95,313.95,310.05,313.0,313.15,312.65,8307140,259724402115000.0,107521,4956847,0.5967
2022-08-10,ITC,EQ,313.15,313.15,314.1,310.75,311.3,311.2,312.25,8923568,278635703275000.0,134530,5772838,0.6469
2022-08-11,ITC,EQ,311.2,313.0,313.45,305.3,305.75,306.25,308.12,10885990,335414039235000.0,149032,5988979,0.5502
2022-08-12,ITC,EQ,306.25,306.25,309.4,304.5,308.05,308.55,307.8,6422504,197682918330000.0,90838,2906529,0.4526
2022-08-16,ITC,EQ,308.55,308.55,311.5,308.55,310.6,310.55,310.53,8609864,267365685085000.0,119342,5536486,0.643
2022-08-17,ITC,EQ,310.55,311.7,313.25,311.0,312.5,312.55,312.37,7975854,249142484585000.0,114115,5190949,0.6508
2022-08-18,ITC,EQ,312.55,313.0,316.0,312.6,315.35,315.65,314.97,9883851,311315697135000.0,118060,5609504,0.5675
2022-08-19,ITC,EQ,315.65,316.15,316.15,311.2,311.9,312.0,313.46,10422413,326699592390000.0,111105,5988405,0.5746
2022-08-22,ITC,EQ,312.0,311.2,317.0,311.0,313.85,314.4,315.08,11355837,357797686925000.0,139216,5081094,0.4474
2022-08-23,ITC,EQ,314.4,312.95,316.0,312.1,315.95,315.9,314.97,9338887,294148281765000.0,107866,5220254,0.559
2022-08-24,ITC,EQ,315.9,315.75,319.45,313.05,313.9,314.1,316.13,11346892,358709397820000.0,139184,5582174,0.49200000000000005
2022-08-25,ITC,EQ,314.1,315.45,316.4,311.6,312.7,312.35,314.39,7759104,243935357830000.03,98542,4220828,0.544
2022-08-26,ITC,EQ,312.35,314.75,315.4,312.0,313.35,312.9,313.52,6956588,218101808340000.0,155321,3979145,0.5720000000000001
2022-08-29,ITC,EQ,312.9,310.0,314.95,308.85,313.85,313.55,312.03,11361400,354511989010000.0,144239,5948940,0.5236
2022-08-30,ITC,EQ,313.55,314.25,321.4,314.25,320.7,320.5,318.82,17829428,568437533640000.0,136127,11915072,0.6683
2022-09-01,ITC,EQ,320.5,319.5,321.9,316.0,317.9,317.6,318.07,13254985,421602619370000.0,164540,8499175,0.6412000000000001
2022-09-02,ITC,EQ,317.6,318.7,324.25,318.05,323.35,323.15,321.12,25758860,827166068610000.0,177786,12939298,0.5023
2022-09-05,ITC,EQ,323.15,325.0,329.6,323.75,328.75,328.85,327.03,17471906,571382981280000.0,169972,9620474,0.5506000000000001
2022-09-06,ITC,EQ,328.85,330.0,330.0,326.4,326.9,327.15,328.05,11970750,392700089200000.0,132143,8040258,0.6717000000000001
2022-09-07,ITC,EQ,327.15,326.0,328.3,325.25,326.0,326.1,326.74,8085824,264198343890000.0,101541,4431170,0.5479999999999999
2022-09-08,ITC,EQ,326.1,329.0,330.6,327.5,330.0,329.9,329.55,10911130,359575429340000.0,103688,6915530,0.6338
2022-09-09,ITC,EQ,329.9,330.6,333.3,330.0,330.15,330.5,331.56,9408098,311931258170000.0,133330,5817787,0.6184000000000001
2022-09-12,ITC,EQ,330.5,332.0,332.4,330.0,330.9,330.9,330.85,8712689,288257101105000.0,92310,5980215,0.6864
2022-09-13,ITC,EQ,330.9,331.7,335.0,330.6,333.75,334.4,333.42,10520207,350761441755000.0,141649,6159133,0.5855
2022-09-14,ITC,EQ,334.4,331.0,339.0,330.95,335.75,335.35,336.46,12267025,412740594230000.0,128808,6403515,0.522
2022-09-15,ITC,EQ,335.35,336.4,337.05,332.9,333.6,334.1,334.73,8418672,281801759205000.0,111903,5055084,0.6005
2022-09-16,ITC,EQ,334.1,332.35,334.6,329.7,331.5,331.3,331.53,12492851,414177665855000.0,107543,8883109,0.7111
2022-09-19,ITC,EQ,331.3,329.1,336.9,329.1,335.6,335.6,334.29,14365461,480229757720000.0,117354,9948423,0.6925
2022-09-20,ITC,EQ,335.6,338.75,339.6,335.0,335.25,336.0,337.51,9526068,321513398975000.0,93112,5807352,0.6096
2022-09-21,ITC,EQ,336.0,336.0,345.2,335.5,340.6,340.95,340.58,20992080,714956583870000.0,161744,11514472,0.5485
2022-09-22,ITC,EQ,340.95,341.0,348.75,340.9,345.75,345.05,345.83,24179987,836226340490000.0,204326,12531726,0.5183
2022-09-23,ITC,EQ,345.05,347.5,349.55,343.3,347.0,346.4,346.63,22838807,791660937080000.0,173655,14348402,0.6282
2022-09-26,ITC,EQ,346.4,344.85,345.95,331.75,332.5,332.6,337.58,16205789,547079497110000.06,221652,7435093,0.45880000000000004
2022-09-27,ITC,EQ,332.6,335.0,339.55,334.0,335.55,334.85,336.38,9991052,336074444230000.0,134083,4166039,0.48729999999999996
2022-09-28,ITC,EQ,334.85,331.95,333.3,324.3,324.5,324.95,328.07,15552911,510240961145000.0,201684,8842101,0.5685
2022-09-29,ITC,EQ,324.95,329.0,334.9,327.75,334.35,333.05,332.71,18281337,608244864900000.0,175901,9484291,0.5188
2022-09-30,ITC,EQ,333.05,333.05,335.75,330.15,332.2,332.2,332.94,12427919,413776667275000.0,145664,7235622,0.5822
2022-10-03,ITC,EQ,332.2,332.9,333.0,323.25,324.9,324.4,327.3,9111289,298211936990000.0,143508,4039931,0.4434
2022-10-04,ITC,EQ,324.4,328.7,334.0,328.0,333.1,332.85,331.45,8803255,291782787940000.0,121561,5156257,0.5857
2022-10-06,ITC,EQ,332.85,335.0,339.3,332.55,335.9,336.65,335.98,22235092,747058642675000.0,155672,16811239,0.7561
2022-10-07,ITC,EQ,336.65,336.8,336.85,331.3,334.45,334.1,333.79,10506078,350681967370000.0,115865,7085146,0.6744
2022-10-10,ITC,EQ,334.1,330.0,331.45,326.05,328.15,327.85,328.18,9388996,308125484050000.0,134866,5490519,0.5848
2022-10-11,ITC,EQ,327.85,329.0,330.45,325.1,325.9,326.3,328.01,10609956,348015834095000.0,141982,6828001,0.6435
2022-10-12,ITC,EQ,326.3,327.95,331.45,324.75,330.0,330.1,328.41,10337544,339496139095000.0,141735,5813744,0.5624
2022-10-13,ITC,EQ,330.1,329.95,331.3,328.0,328.85,328.65,329.33,7266724,239314817300000.0,88889,4110062,0.5656
2022-10-14,ITC,EQ,328.65,332.3,333.9,330.85,332.1,332.1,332.38,6424915,213554292360000.0,95294,3693743,0.5749000000000001
2022-10-17,ITC,EQ,332.1,331.1,334.75,329.6,332.55,332.25,332.91,6929063,230676503855000.03,100913,3745304,0.5405
2022-10-18,ITC,EQ,332.25,333.95,341.0,333.55,340.85,340.3,338.93,20887417,707946420430000.0,116946,15003669,0.7183
2022-10-19,ITC,EQ,340.3,343.1,347.45,339.8,347.2,346.35,344.88,16296080,562021308655000.0,147366,6886786,0.4226
2022-10-20,ITC,EQ,346.35,347.0,350.95,344.8,350.6,349.7,348.06,18474706,643026635855000.0,169065,6938071,0.3755
2022-10-21,ITC,EQ,349.7,353.2,353.2,344.5,344.85,345.6,348.85,27372160,954879389100000.0,192007,11013104,0.43560000000000004
2022-10-24,ITC,EQ,345.6,348.95,349.7,347.0,347.65,347.7,348.43,3170564,110470757234999.98,72949,1683624,0.531
2022-10-25,ITC,EQ,347.7,349.45,349.5,343.65,346.1,346.3,345.93,17242211,596461349825000.0,128574,12018710,0.6970999999999999
2022-10-27,ITC,EQ,346.3,346.65,348.35,343.85,346.7,345.8,345.23,18558597,640700265270000.0,102198,13732749,0.74
2022-10-28,ITC,EQ,345.8,347.55,348.6,345.1,346.0,345.8,346.74,13069167,453155804950000.0,88108,7228175,0.7221
2022-10-31,ITC,EQ,345.8,348.0,350.5,344.75,348.95,348.7,347.71,13825970,480740638620000.0,124587,8932772,0.6461
2022-11-01,ITC,EQ,348.7,349.25,350.5,347.2,349.5,349.5,349.26,19665200,686825307010000.0,116701,15119548,0.7687999999999999
2022-11-02,ITC,EQ,349.5,348.5,356.25,348.5,354.0,354.65,353.78,16781507,593696641805000.0,166834,8917189,0.5314
2022-11-03,ITC,EQ,354.65,354.0,358.5,353.0,354.15,353.7,355.69,10736155,381871520815000.0,115351,5509745,0.5132
2022-11-04,ITC,EQ,353.7,354.0,356.0,352.5,353.25,353.6,354.26,8386849,297108924085000.0,112058,5462197,0.6513
2022-11-07,ITC,EQ,353.6,355.0,356.35,350.0,353.7,353.5,352.72,10050303,354494787645000.0,120586,5771581,0.5743
2022-11-09,ITC,EQ,353.5,353.5,361.45,353.2,360.7,360.7,358.51,20611075,738919147210000.0,176013,14229344,0.6904000000000001
2022-11-10,ITC,EQ,360.7,359.0,359.9,354.1,356.0,356.0,356.14,19327625,688331023300000.0,149772,13597143,0.7034999999999999
2022-11-11,ITC,EQ,356.0,360.0,360.95,354.65,358.0,356.35,356.41,10950902,390302991490000.0,119454,7024510,0.6415000000000001
2022-11-14,ITC,EQ,356.35,356.35,356.95,346.6,347.45,347.2,350.27,17639889,617867757715000.0,167736,12350540,0.7001000000000001
2022-11-15,ITC,EQ,347.2,348.95,348.95,339.15,345.5,345.25,342.39,15451411,529038641180000.0,151100,8747485,0.5661
2022-11-16,ITC,EQ,345.25,345.7,346.85,341.65,344.5,344.1,343.92,7604924,261544774125000.0,116105,3491927,0.5713
2022-11-17,ITC,EQ,344.1,344.1,347.45,342.6,343.8,343.7,344.84,9994270,344638075815000.0,118071,6489926,0.6494
2022-11-18,ITC,EQ,343.7,343.7,344.75,339.8,341.0,341.05,341.37,7838297,267575828750000.0,93616,5012624,0.6395000000000001
2022-11-21,ITC,EQ,341.05,339.1,340.0,334.4,337.2,337.2,336.63,9198816,309660079505000.0,123378,5835783,0.6344
2022-11-22,ITC,EQ,337.2,337.0,341.0,335.7,340.0,340.25,339.35,6495845,220433708069999.97,97824,4262632,0.6562
2022-11-23,ITC,EQ,340.25,342.0,342.0,337.5,339.2,339.8,339.65,7768291,263847596694999.97,122455,4818004,0.6202000000000001
2022-11-24,ITC,EQ,339.8,339.8,342.5,337.55,341.1,340.75,340.21,8140857,276959744975000.0,116223,4775093,0.5866
2022-11-25,ITC,EQ,340.75,341.0,341.9,337.8,340.3,340.3,339.56,6933254,235425377815000.0,102045,3459795,0.499
2022-11-28,ITC,EQ,340.3,340.0,341.75,338.75,339.95,340.05,340.43,9902739,337122338025000.0,103017,7507263,0.7581
2022-11-29,ITC,EQ,340.05,340.0,345.0,340.0,342.45,342.3,342.94,10189855,349449698745000.0,115645,5441795,0.534
2022-11-30,ITC,EQ,342.3,341.25,344.15,339.0,340.3,340.0,340.54,22556502,768148049860000.0,139387,18090068,0.802
2022-12-01,ITC,EQ,340.0,341.7,341.7,336.8,339.7,339.55,338.75,16630417,563355614725000.0,183326,11975852,0.7201000000000001
2022-12-02,ITC,EQ,339.55,339.35,340.8,336.75,337.5,337.15,337.85,8388835,283418290160000.0,104028,5530292,0.6592
2022-12-05,ITC,EQ,337.15,337.65,338.85,334.15,336.6,336.75,335.88,9716390,326356473145000.0,131793,6175352,0.6356
2022-12-06,ITC,EQ,336.75,334.1,338.2,334.1,337.6,337.3,337.05,6327430,213264056040000.0,82974,3533567,0.5585
2022-12-07,ITC,EQ,337.3,338.5,341.5,336.65,340.0,340.1,339.89,9813208,333539315550000.0,117952,6427812,0.655
2022-12-08,ITC,EQ,340.1,340.2,342.15,337.5,338.3,338.4,339.3,6200447,210384106930000.0,135480,3525932,0.5687
2022-12-09,ITC,EQ,338.4,339.75,342.5,338.0,342.0,341.4,340.59,8132228,276972591765000.0,104951,4947563,0.6084
2022-12-12,ITC,EQ,341.4,341.0,344.0,340.1,343.25,343.2,342.63,11214662,384245491960000.0,147074,6616858,0.59
2022-12-13,ITC,EQ,343.2,344.5,346.0,342.4,345.05,345.6,344.45,10693426,368329788550000.0,129845,7806777,0.7301000000000001
2022-12-14,ITC,EQ,345.6,346.0,347.35,343.75,345.1,345.4,345.47,7379878,254955738450000.0,128069,4571734,0.6195
2022-12-15,ITC,EQ,345.4,344.75,346.1,338.0,338.7,338.85,341.22,8154931,278266599155000.03,112979,5269533,0.6462000000000001
2022-12-16,ITC,EQ,338.85,337.5,338.9,331.3,335.75,335.1,334.49,12429280,415742358675000.0,207367,7735044,0.6223
2022-12-19,ITC,EQ,335.1,336.8,342.35,335.35,340.05,340.5,339.82,7812801,265492743569999.97,110172,3531508,0.452
2022-12-20,ITC,EQ,340.5,340.05,340.95,336.75,339.9,340.15,338.61,5482218,185632082220000.0,80370,3518014,0.6417
2022-12-21,ITC,EQ,340.15,341.0,341.25,334.5,335.7,335.15,336.78,7045201,237265845435000.0,127807,3825405,0.543
2022-12-22,ITC,EQ,335.15,335.65,337.4,329.9,332.8,332.45,332.77,6584445,219108223530000.03,101460,3738058,0.5677000000000001
2022-12-23,ITC,EQ,332.45,330.9,331.9,325.35,326.05,326.7,327.9,10073884,330321942620000.0,187134,6257359,0.6211
2022-12-26,ITC,EQ,326.7,326.5,335.1,325.5,334.6,334.6,332.83,9566210,318394125640000.0,183864,5327695,0.5569
2022-12-27,ITC,EQ,334.6,335.6,336.4,330.15,333.05,333.15,333.36,6727343,224262726530000.03,122372,3562908,0.5296000000000001
2022-12-28,ITC,EQ,333.15,332.85,335.0,331.5,334.35,334.4,332.76,7737562,257474421430000.03,114100,4797122,0.62
2022-12-29,ITC,EQ,334.4,334.35,335.75,331.55,335.45,335.35,333.6,8105359,270398087825000.0,98175,5523031,0.6814
2022-12-30,ITC,EQ,335.35,335.4,336.75,330.5,331.0,331.55,333.91,6960264,232412398335000.0,86886,4701153,0.6754000000000001
2023-01-02,ITC,EQ,331.55,330.9,334.0,329.65,332.8,332.85,332.25,5951893,197753407425000.0,139495,3239874,0.5443
2023-01-03,ITC,EQ,332.85,331.5,333.35,330.25,331.2,331.1,331.36,5997051,198718527940000.0,103134,3644861,0.6078
2023-01-04,ITC,EQ,331.1,331.85,332.5,326.0,326.6,327.0,327.48,6689769,219074894644999.97,155935,3830059,0.5725
2023-01-05,ITC,EQ,327.0,328.65,333.9,328.2,333.6,333.45,332.2,8171437,271454732740000.0,134902,4660291,0.5703
2023-01-06,ITC,EQ,333.45,334.7,337.55,333.1,335.0,335.05,335.48,8284135,277912477680000.03,115819,4325749,0.5222
2023-01-09,ITC,EQ,335.05,336.95,341.3,336.15,337.4,338.05,338.82,10618786,359781267595000.0,147547,6671695,0.6283
2023-01-10,ITC,EQ,338.05,337.9,338.4,332.55,333.7,333.4,333.83,6949605,231997839215000.0,95343,4437313,0.6385000000000001
2023-01-11,ITC,EQ,333.4,335.1,335.1,331.3,332.1,331.8,332.82,4584293,152574588965000.0,91438,2820911,0.6153000000000001
2023-01-12,ITC,EQ,331.8,333.4,333.6,328.1,329.5,329.85,329.95,6638422,219033744610000.0,139430,4298493,0.6475
2023-01-13,ITC,EQ,329.85,329.85,332.25,326.4,329.1,328.75,329.58,14412671,475015789389999.94,120029,10100746,0.7008
2023-01-16,ITC,EQ,328.75,330.35,332.2,327.55,330.2,330.2,329.11,8253942,271646942090000.0,78391,5624245,0.6814
2023-01-17,ITC,EQ,330.2,330.2,333.5,329.1,332.0,332.25,331.64,13712537,454767102450000.0,93294,9988409,0.7284
2023-01-18,ITC,EQ,332.25,334.0,336.55,332.4,335.1,334.65,334.37,12555527,419813068245000.0,147165,8810510,0.7017
2023-01-19,ITC,EQ,334.65,334.0,335.65,331.65,332.0,332.15,333.21,8346130,278100051969999.97,103560,6021233,0.7214
2023-01-20,ITC,EQ,332.15,332.0,335.2,329.25,334.45,334.6,332.68,13103664,435927671060000.06,104023,9744145,0.7436
2023-01-23,ITC,EQ,334.6,336.0,338.15,333.05,337.6,337.75,336.68,7124807,239881219275000.0,75270,4556499,0.6395000000000001
2023-01-24,ITC,EQ,337.75,337.8,340.75,337.6,338.9,338.95,339.02,12302874,417087839280000.0,123629,9127402,0.7419
2023-01-25,ITC,EQ,338.95,338.9,341.0,335.25,340.0,339.25,338.13,12497542,422584877085000.0,115825,8404380,0.6725
2023-01-27,ITC,EQ,339.25,341.8,348.85,341.5,345.5,346.0,345.5,21040139,726928717445000.0,198362,12247433,0.5821000000000001
2023-01-30,ITC,EQ,346.0,346.9,351.75,341.85,343.8,344.8,347.04,14091519,489025965100000.0,159810,8386531,0.5951
2023-01-31,ITC,EQ,344.8,346.0,355.0,341.05,352.6,352.35,348.73,17134291,597527965505000.0,207015,11239709,0.6559999999999999
2023-02-01,ITC,EQ,352.35,353.0,365.7,329.1,359.6,361.4,353.75,64518967,2282382101755000.0,497986,24606119,0.3814
2023-02-02,ITC,EQ,361.4,361.6,384.7,360.4,378.8,378.6,376.87,55745171,2100852219409999.8,404278,26456337,0.4746
2023-02-03,ITC,EQ,378.6,381.9,382.25,372.0,380.7,380.65,378.53,22295321,843946382940000.0,236606,9738500,0.4368
2023-02-06,ITC,EQ,380.65,382.5,388.2,379.6,383.5,383.4,384.59,25790153,991862758365000.0,245965,13387419,0.5191
2023-02-07,ITC,EQ,383.4,383.9,383.9,368.45,373.4,373.25,373.66,20643707,771376492245000.0,296046,10183033,0.4933
2023-02-08,ITC,EQ,373.25,374.75,377.3,371.55,374.55,375.55,375.12,10420462,390896451210000.0,125965,5323532,0.5109
2023-02-09,ITC,EQ,375.55,374.0,380.0,372.15,374.8,374.25,375.49,11861196,445380875189999.94,147407,6597115,0.5562
2023-02-10,ITC,EQ,374.25,372.2,376.95,370.3,371.2,371.35,372.27,10278597,382637063670000.0,101423,6698230,0.6517000000000001
