,Date,Open,High,Low,Close,Volume,Turnover
0,2020-01-01,12202.15,12222.2,12165.3,12182.5,304078039,104456800000.0
1,2020-01-02,12198.55,12289.9,12195.25,12282.2,407697594,152565500000.0
2,2020-01-03,12261.1,12265.6,12191.35,12226.65,428770054,168272700000.0
3,2020-01-06,12170.6,12179.1,11974.2,11993.05,396501419,168692200000.0
4,2020-01-07,12079.1,12152.15,12005.35,12052.95,447818617,177976800000.0
5,2020-01-08,11939.1,12044.95,11929.6,12025.35,445991640,182811500000.0
6,2020-01-09,12153.15,12224.05,12132.55,12215.9,477469878,184566400000.0
7,2020-01-10,12271.0,12311.2,12213.2,12256.8,660627930,188186200000.0
8,2020-01-13,12296.7,12337.75,12285.8,12329.55,500968242,175221300000.0
9,2020-01-14,12333.1,12374.25,12308.7,12362.3,616260555,179489199999.99997
10,2020-01-15,12349.4,12355.15,12278.75,12343.3,684352965,178825099999.99997
11,2020-01-16,12347.1,12389.05,12315.8,12355.5,395670245,160040600000.0
12,2020-01-17,12328.4,12385.45,12321.4,12352.35,502060615,213976300000.0
13,2020-01-20,12430.5,12430.5,12216.9,12224.55,491609317,214154300000.0
14,2020-01-21,12195.3,12230.05,12162.3,12169.85,443976442,186826500000.0
15,2020-01-22,12218.35,12225.05,12087.9,12106.9,526294513,197586800000.0
16,2020-01-23,12123.75,12189.0,12094.1,12180.35,867653663,238293900000.0
17,2020-01-24,12174.55,12272.15,12149.65,12248.25,593237908,180322700000.0
18,2020-01-27,12197.1,12216.6,12107.0,12119.0,441158138,179886100000.0
19,2020-01-28,12148.1,12163.55,12024.5,12055.8,478484057,209176200000.0
20,2020-01-29,12114.9,12169.6,12103.8,12129.5,514362340,206461800000.0
21,2020-01-30,12147.75,12150.3,12010.6,12035.8,538138743,193726699999.99997
22,2020-01-31,12100.4,12103.55,11945.85,11962.1,771278258,260449100000.0
23,2020-02-01,11939.0,12017.35,11633.3,11661.85,537634767,205981200000.0
24,2020-02-03,11627.45,11749.85,11614.5,11707.9,669815788,254152599999.99997
25,2020-02-04,11786.25,11986.15,11783.4,11979.65,560430291,223385000000.0
26,2020-02-05,12005.85,12098.15,11953.35,12089.15,758032580,229980500000.0
27,2020-02-06,12120.0,12160.6,12084.65,12137.95,565116236,217359199999.99997
28,2020-02-07,12151.15,12154.7,12073.95,12098.35,473475144,163396100000.0
29,2020-02-10,12102.35,12103.55,11990.75,12031.5,525674715,171851400000.0
30,2020-02-11,12108.4,12172.3,12099.0,12107.9,480491557,162095200000.0
31,2020-02-12,12151.0,12231.75,12144.3,12201.2,412399174,165983300000.00003
32,2020-02-13,12219.55,12225.65,12139.8,12174.65,501510138,163152700000.0
33,2020-02-14,12190.15,12246.7,12091.2,12113.45,623053270,207595099999.99997
34,2020-02-17,12131.8,12159.6,12037.0,12045.8,455412408,154395500000.0
35,2020-02-18,12028.25,12030.75,11908.05,11992.5,677307424,188530000000.0
36,2020-02-19,12090.6,12134.7,12042.1,12125.9,514030605,176108900000.0
37,2020-02-20,12119.0,12152.0,12071.45,12080.85,502875583,188315099999.99997
38,2020-02-24,12012.55,12012.55,11813.4,11829.4,491224913,194210400000.0
39,2020-02-25,11877.5,11883.05,11779.9,11797.9,461349973,185108200000.0
40,2020-02-26,11738.55,11783.25,11639.6,11678.5,567990976,218870700000.0
41,2020-02-27,11661.25,11663.85,11536.7,11633.3,609266324,216234700000.0
42,2020-02-28,11382.0,11384.8,11175.05,11201.75,810523106,322971500000.0
43,2020-03-02,11387.35,11433.0,11036.25,11132.75,681148567,242045500000.0
44,2020-03-03,11217.55,11342.25,11152.55,11303.3,696919348,232812000000.0
45,2020-03-04,11351.35,11356.6,11082.15,11251.0,798021596,269284600000.0
46,2020-03-05,11306.05,11389.5,11244.6,11269.0,1353209029,269806500000.0
47,2020-03-06,10942.65,11035.1,10827.4,10989.45,1811564187,264552900000.0
48,2020-03-09,10742.05,10751.55,10294.45,10451.45,1566119057,351517900000.0
49,2020-03-11,10334.3,10545.1,10334.0,10458.4,1219079693,325484700000.0
50,2020-03-12,10039.95,10040.75,9508.0,9590.15,1344263317,392839700000.0
51,2020-03-13,9107.6,10159.4,8555.15,9955.2,1389061775,441678900000.0
52,2020-03-16,9587.8,9602.2,9165.1,9197.4,898523271,291818000000.0
53,2020-03-17,9285.4,9403.8,8915.6,8967.05,936185892,280041600000.0
54,2020-03-18,9088.45,9127.55,8407.05,8468.8,1517275761,392567100000.0
55,2020-03-19,8063.3,8575.45,7832.55,8263.45,926508824,342742300000.00006
56,2020-03-20,8284.45,8883.0,8178.2,8745.45,1072263600,373212500000.0
57,2020-03-23,7945.7,8159.25,7583.6,7610.25,654151814,238919000000.0
58,2020-03-24,7848.3,8036.95,7511.1,7801.05,739354439,282820900000.0
59,2020-03-25,7735.15,8376.75,7714.75,8317.85,738114713,284820100000.0
60,2020-03-26,8451.0,8749.05,8304.9,8641.45,866534643,322283100000.0
61,2020-03-27,8949.1,9038.9,8522.9,8660.25,801923401,313368600000.0
62,2020-03-30,8385.95,8576.0,8244.0,8281.1,593953051,247244400000.0
63,2020-03-31,8529.35,8678.3,8358.0,8597.75,713390935,274013000000.0
64,2020-04-01,8584.1,8588.1,8198.35,8253.8,507509685,213073000000.0
65,2020-04-03,8356.55,8356.55,8055.8,8083.8,697752438,265611800000.0
66,2020-04-07,8446.3,8819.4,8360.95,8792.2,815245226,352066900000.0
67,2020-04-08,8688.9,9131.7,8653.9,8748.75,897562690,376416800000.0
68,2020-04-09,8973.05,9128.35,8904.55,9111.9,743036134,329078200000.0
69,2020-04-13,9103.95,9112.05,8912.4,8993.85,644468815,267490600000.0
70,2020-04-15,9196.4,9261.2,8874.1,8925.3,880159358,418786400000.0
71,2020-04-16,8851.25,9053.75,8821.9,8992.8,720116479,313182900000.0
72,2020-04-17,9323.45,9324.0,9091.35,9266.75,684910520,333347300000.00006
73,2020-04-20,9390.2,9390.85,9230.8,9261.85,726364699,286209100000.0
74,2020-04-21,9016.95,9044.4,8909.4,8981.45,655122903,282738900000.0
75,2020-04-22,9026.75,9209.75,8946.25,9187.3,734383388,339818200000.0
76,2020-04-23,9232.35,9343.6,9170.15,9313.9,666650462,302705500000.0
77,2020-04-24,9163.9,9296.9,9141.3,9154.4,659439249,328590500000.0
78,2020-04-27,9259.7,9377.1,9250.35,9282.3,512793298,266965400000.0
79,2020-04-28,9389.8,9404.4,9260.0,9380.9,614548983,300914100000.0
80,2020-04-29,9408.6,9599.85,9392.35,9553.35,653026950,316732300000.0
81,2020-04-30,9753.5,9889.05,9731.5,9859.9,931173802,393324600000.0
82,2020-05-04,9533.5,9533.5,9266.95,9293.5,687487134,297859500000.0
83,2020-05-05,9429.4,9450.9,9190.75,9205.6,725196178,297002000000.0
84,2020-05-06,9226.8,9346.9,9116.5,9270.9,722185448,307981000000.0
85,2020-05-07,9234.05,9277.85,9175.9,9199.05,708740416,597055300000.0
86,2020-05-08,9376.95,9382.65,9238.2,9251.5,609053504,307434500000.0
87,2020-05-11,9348.15,9439.9,9219.95,9239.2,704647074,310484700000.0
88,2020-05-12,9168.85,9240.85,9043.95,9196.55,805458787,377062699999.99994
89,2020-05-13,9584.2,9584.5,9351.1,9383.55,846395245,364889000000.0
90,2020-05-14,9213.95,9281.1,9119.75,9142.75,602555564,295415900000.0
91,2020-05-15,9182.4,9182.4,9050.0,9136.85,575857112,258473300000.00003
92,2020-05-18,9158.3,9158.3,8806.75,8823.25,772983297,333474600000.0
93,2020-05-19,8961.7,9030.35,8855.3,8879.1,762152894,320269400000.0
94,2020-05-20,8889.15,9093.8,8875.35,9066.55,622308140,307219900000.0
95,2020-05-21,9079.45,9178.55,9056.1,9106.25,631542699,283035100000.0
96,2020-05-22,9067.9,9149.6,8968.55,9039.25,675759336,316254700000.0
97,2020-05-26,9099.75,9161.65,8996.65,9029.05,654959960,308715900000.0
98,2020-05-27,9082.2,9334.0,9004.25,9314.95,763492487,346038800000.0
99,2020-05-28,9364.95,9511.25,9336.5,9490.1,837911425,377619100000.00006
100,2020-05-29,9422.2,9598.85,9376.9,9580.3,967005438,450062500000.0
101,2020-06-01,9726.85,9931.6,9706.95,9826.15,794183122,380969200000.0
102,2020-06-02,9880.85,9995.6,9824.05,9979.1,770192848,367231100000.0
103,2020-06-03,10108.3,10176.2,10035.55,10061.55,794664422,383436100000.0
104,2020-06-04,10054.25,10123.85,9944.25,10029.1,775106567,363990400000.0
105,2020-06-05,10093.8,10177.8,10040.75,10142.15,987122302,378246300000.0
106,2020-06-08,10326.75,10328.5,10120.25,10167.45,936485541,378190600000.0
107,2020-06-09,10181.15,10291.15,10021.45,10046.65,754217460,362010500000.0
108,2020-06-10,10072.6,10148.75,10036.85,10116.15,632383068,284854700000.0
109,2020-06-11,10094.1,10112.05,9885.05,9902.0,715453486,308138500000.0
110,2020-06-12,9544.95,9996.05,9544.35,9972.9,796306399,365057699999.99994
111,2020-06-15,9919.35,9943.35,9726.35,9813.7,716053036,319266500000.0
112,2020-06-16,10014.8,10046.15,9728.5,9914.0,899895044,362578900000.0
113,2020-06-17,9876.7,10003.6,9833.8,9881.15,685418390,307006900000.0
114,2020-06-18,9863.25,10111.2,9845.05,10091.65,622895963,285943200000.0
115,2020-06-19,10119.0,10272.4,10072.65,10244.4,892096343,481035600000.0
116,2020-06-22,10318.75,10393.65,10277.6,10311.2,685385093,355298000000.0
117,2020-06-23,10347.95,10484.7,10301.75,10471.0,669195109,341481300000.0
118,2020-06-24,10529.25,10553.15,10281.95,10305.3,854799801,413944500000.0
119,2020-06-25,10235.55,10361.8,10194.5,10288.9,994190886,417260700000.0
120,2020-06-26,10378.9,10409.85,10311.25,10383.0,671910159,318416800000.0
121,2020-06-29,10311.95,10337.95,10223.6,10312.4,574544482,270194600000.0
122,2020-06-30,10382.6,10401.05,10267.35,10302.1,556238560,273425500000.0
123,2020-07-01,10323.8,10447.05,10299.6,10430.05,573550127,287362800000.0
124,2020-07-02,10493.05,10598.2,10485.55,10551.7,597423931,312351700000.0
125,2020-07-03,10614.95,10631.3,10562.65,10607.35,525190704,251863900000.0
126,2020-07-06,10723.85,10811.4,10695.1,10763.65,571212914,298575400000.0
127,2020-07-07,10802.85,10813.8,10689.7,10799.65,636764929,365023700000.0
128,2020-07-08,10818.65,10847.85,10676.55,10705.75,767941333,376763399999.99994
129,2020-07-09,10755.55,10836.85,10733.0,10813.45,618652409,313158700000.0
130,2020-07-10,10764.1,10819.4,10713.0,10768.05,590705425,315575800000.0
131,2020-07-13,10851.85,10894.05,10756.05,10802.7,554050579,306063000000.0
132,2020-07-14,10750.85,10755.65,10562.9,10607.35,532368699,309024700000.0
133,2020-07-15,10701.0,10827.45,10577.75,10618.2,715901258,423760300000.0
134,2020-07-16,10706.2,10755.3,10595.2,10739.95,694402635,414539500000.0
135,2020-07-17,10752.0,10933.45,10749.65,10901.7,676881092,355928300000.0
136,2020-07-20,10999.45,11037.9,10953.0,11022.2,554306867,327386400000.0
137,2020-07-21,11126.1,11179.55,11113.25,11162.25,771998838,424618900000.0
138,2020-07-22,11231.2,11238.1,11056.55,11132.6,765074288,410687200000.0
139,2020-07-23,11135.0,11239.8,11103.15,11215.45,621575333,327449300000.0
140,2020-07-24,11149.95,11225.4,11090.3,11194.15,678935175,402171700000.0
141,2020-07-27,11225.0,11225.0,11087.85,11131.8,588148687,345397300000.00006
142,2020-07-28,11154.1,11317.75,11151.4,11300.55,683891350,386774700000.0
143,2020-07-29,11276.9,11341.4,11149.75,11202.85,600726301,387260199999.99994
144,2020-07-30,11254.3,11299.95,11084.95,11102.15,677761342,391504400000.0
145,2020-07-31,11139.5,11150.4,11026.65,11073.45,642560311,362200899999.99994
146,2020-08-03,11057.55,11058.05,10882.25,10891.6,680929323,311499400000.0
147,2020-08-04,10946.65,11112.25,10908.1,11095.25,625738313,353579600000.0
148,2020-08-05,11155.75,11225.65,11064.05,11101.65,667639446,348945800000.0
149,2020-08-06,11185.7,11256.8,11127.3,11200.15,600374615,315010800000.0
150,2020-08-07,11186.65,11231.9,11142.05,11214.05,452629891,270544300000.0
151,2020-08-10,11270.25,11337.3,11238.0,11270.15,491999534,291082500000.0
152,2020-08-11,11322.25,11373.6,11299.15,11322.5,586084846,303148900000.0
153,2020-08-12,11289.0,11322.0,11242.65,11308.4,609858960,280880900000.0
154,2020-08-13,11334.85,11359.3,11269.95,11300.45,562355175,265005200000.0
155,2020-08-14,11353.3,11366.25,11111.45,11178.4,645109756,310592300000.0
156,2020-08-17,11248.9,11267.1,11144.5,11247.1,633963958,274686699999.99997
157,2020-08-18,11259.8,11401.7,11253.15,11385.35,579242492,272675099999.99997
158,2020-08-19,11452.15,11460.35,11394.1,11408.4,626217997,275281200000.0
159,2020-08-20,11317.45,11361.45,11289.8,11312.2,791587770,276761800000.0
160,2020-08-21,11409.65,11418.5,11362.2,11371.6,668719170,262942599999.99997
161,2020-08-24,11412.0,11497.25,11410.65,11466.45,532900535,289208400000.0
162,2020-08-25,11513.1,11525.9,11423.35,11472.25,638152608,287428200000.0
163,2020-08-26,11512.85,11561.75,11461.85,11549.6,743442521,348520100000.0
164,2020-08-27,11609.3,11617.35,11540.6,11559.25,719776490,315806100000.0
165,2020-08-28,11602.95,11686.05,11589.4,11647.6,806997707,393499200000.0
166,2020-08-31,11777.55,11794.25,11325.85,11387.5,1371789450,616685500000.0
167,2020-09-01,11464.3,11553.55,11366.9,11470.25,783769555,367525400000.0
168,2020-09-02,11478.55,11554.75,11430.4,11535.0,593494423,274546500000.0
169,2020-09-03,11566.2,11584.95,11507.65,11527.45,607115212,268682599999.99997
170,2020-09-04,11354.4,11452.05,11303.65,11333.85,681338905,317468600000.0
171,2020-09-07,11359.6,11381.15,11251.7,11355.05,560322964,259598200000.0
172,2020-09-08,11378.55,11437.25,11290.45,11317.35,572239350,279797000000.0
173,2020-09-09,11218.6,11298.15,11185.15,11278.0,728880693,326606700000.0
174,2020-09-10,11363.3,11464.05,11327.4,11449.25,679419973,392391000000.0
175,2020-09-11,11447.8,11493.5,11419.9,11464.45,554789157,296140900000.0
176,2020-09-14,11540.15,11568.9,11383.55,11440.05,642270123,339969400000.0
177,2020-09-15,11487.2,11535.95,11442.25,11521.8,506667239,280545100000.0
178,2020-09-16,11538.45,11618.1,11516.75,11604.55,527804775,276297100000.0
179,2020-09-17,11539.4,11587.2,11498.5,11516.1,517729494,296749500000.0
180,2020-09-18,11584.1,11584.1,11446.1,11504.95,764154094,486986800000.0
181,2020-09-21,11503.8,11535.25,11218.5,11250.55,602851737,372132300000.00006
182,2020-09-22,11301.75,11302.2,11084.65,11153.65,672249921,362964900000.0
183,2020-09-23,11258.75,11259.55,11024.4,11131.85,714925847,355429800000.00006
184,2020-09-24,11011.0,11015.3,10790.2,10805.55,706139506,336237100000.0
185,2020-09-25,10910.4,11072.6,10854.85,11050.25,559597322,311221800000.0
186,2020-09-28,11140.85,11239.35,11099.85,11227.55,472777324,243611699999.99997
187,2020-09-29,11288.6,11305.4,11181.0,11222.4,498295735,268751400000.0
188,2020-09-30,11244.45,11295.4,11184.55,11247.55,499343849,281347700000.0
189,2020-10-01,11364.45,11428.6,11347.05,11416.95,447740006,262127200000.0
190,2020-10-05,11487.8,11578.05,11452.3,11503.35,530597393,313415500000.0
191,2020-10-06,11603.45,11680.3,11564.3,11662.4,561444728,303736500000.0
192,2020-10-07,11679.25,11763.05,11629.35,11738.85,513367516,329359800000.00006
193,2020-10-08,11835.4,11905.7,11791.15,11834.6,608768573,386774900000.0
194,2020-10-09,11852.05,11938.6,11805.2,11914.2,611079482,345468000000.0
195,2020-10-12,11973.55,12022.05,11867.2,11930.95,522627571,265864700000.0
196,2020-10-13,11934.65,11988.2,11888.9,11934.5,458304851,294032200000.0
197,2020-10-14,11917.4,11997.2,11822.15,11971.05,569245407,299406200000.0
198,2020-10-15,12023.45,12025.45,11661.3,11680.35,608865041,351759200000.0
199,2020-10-16,11727.4,11789.75,11667.85,11762.45,555764762,304391900000.0
200,2020-10-19,11879.2,11898.25,11820.4,11873.05,541420990,298886000000.0
201,2020-10-20,11861.0,11949.25,11837.25,11896.8,453560934,283673400000.0
202,2020-10-21,11958.55,12018.65,11775.75,11937.65,623658140,374771300000.0
203,2020-10-22,11890.0,11939.55,11823.45,11896.45,544901152,330131700000.0
204,2020-10-23,11957.9,11974.55,11908.75,11930.35,502340361,274246100000.0
205,2020-10-26,11937.4,11942.85,11711.7,11767.75,519815905,293160200000.0
206,2020-10-27,11807.1,11899.05,11723.0,11889.4,616318543,379899700000.0
207,2020-10-28,11922.6,11929.4,11684.85,11729.6,704018608,370258900000.0
208,2020-10-29,11633.3,11744.15,11606.45,11670.8,554959844,304366200000.0
209,2020-10-30,11678.45,11748.95,11535.45,11642.4,553672805,281515800000.0
210,2020-11-02,11697.35,11725.65,11557.4,11669.15,568434165,357145700000.0
211,2020-11-03,11734.45,11836.2,11723.3,11813.5,674303605,363639500000.0
212,2020-11-04,11783.35,11929.65,11756.4,11908.5,667290347,385520899999.99994
213,2020-11-05,12062.4,12131.1,12027.6,12120.3,632455414,323114600000.0
214,2020-11-06,12156.65,12280.4,12131.85,12263.55,576837602,349659400000.0
215,2020-11-09,12399.4,12474.05,12367.35,12461.05,553449924,342551100000.0
216,2020-11-10,12556.4,12643.9,12475.25,12631.1,847450692,512470100000.0
217,2020-11-11,12680.6,12769.75,12571.1,12749.15,880475468,547445500000.0
218,2020-11-12,12702.15,12741.15,12624.85,12690.8,622017762,367942400000.0
219,2020-11-13,12659.7,12735.95,12607.7,12719.95,513948665,345686500000.0
220,2020-11-14,12823.35,12828.7,12749.45,12780.25,107868139,51893800000.0
221,2020-11-17,12932.5,12934.05,12797.1,12874.2,707676873,409770300000.0
222,2020-11-18,12860.1,12948.85,12819.35,12938.25,731321438,398564500000.0
223,2020-11-19,12839.5,12963.0,12745.75,12771.7,768751782,447470800000.0
224,2020-11-20,12813.4,12892.45,12730.25,12859.05,663997267,429921500000.0
225,2020-11-23,12960.3,12968.85,12825.7,12926.45,633117401,420313800000.0
226,2020-11-24,13002.6,13079.1,12978.0,13055.15,571864976,370942300000.00006
227,2020-11-25,13130.0,13145.85,12833.65,12858.4,679005507,374013600000.0
228,2020-11-26,12906.45,13018.0,12790.4,12987.0,549798925,346241500000.0
229,2020-11-27,13012.05,13035.3,12914.3,12968.95,1162360673,785229299999.9999
230,2020-12-01,13062.2,13128.4,12962.8,13109.05,583633902,329172600000.0
231,2020-12-02,13121.4,13128.5,12983.55,13113.75,717711761,340087400000.0
232,2020-12-03,13215.3,13216.6,13107.9,13133.9,713688035,396277100000.0
233,2020-12-04,13177.4,13280.05,13152.85,13258.55,640514315,364280500000.0
234,2020-12-07,13264.85,13366.65,13241.95,13355.75,591722966,335786400000.0
235,2020-12-08,13393.85,13435.45,13311.05,13392.95,543165361,337558100000.0
236,2020-12-09,13458.1,13548.9,13449.6,13529.1,502605319,287269700000.0
237,2020-12-10,13488.5,13503.55,13399.3,13478.3,553402501,304002000000.0
238,2020-12-11,13512.3,13579.35,13402.85,13513.85,787707481,336965700000.0
239,2020-12-14,13571.45,13597.5,13472.45,13558.15,558390043,281335800000.0
240,2020-12-15,13547.2,13589.65,13447.05,13567.85,497600393,308283300000.0
241,2020-12-16,13663.1,13692.35,13606.45,13682.7,462151091,274601800000.0
242,2020-12-17,13713.55,13773.25,13673.55,13740.7,416008520,277129300000.0
243,2020-12-18,13764.4,13772.85,13658.6,13760.55,519393189,348033000000.0
244,2020-12-21,13741.9,13777.5,13131.45,13328.4,687255400,382436200000.0
245,2020-12-22,13373.65,13492.05,13192.9,13466.3,696197300,363283300000.0
246,2020-12-23,13473.5,13619.45,13432.2,13601.1,458651819,270734500000.0
247,2020-12-24,13672.15,13771.75,13626.9,13749.25,471367730,247643500000.0
248,2020-12-28,13815.15,13885.3,13811.55,13873.2,403634030,209230600000.0
249,2020-12-29,13910.35,13967.6,13859.9,13932.6,439593961,251542300000.0
250,2020-12-30,13980.9,13997.0,13864.95,13981.95,380681073,246331200000.0
251,2020-12-31,13970.0,14024.85,13936.45,13981.75,452410109,263058200000.0
252,2021-01-01,13996.1,14049.85,13991.35,14018.5,258090905,158737500000.0
253,2021-01-04,14104.35,14147.95,13953.75,14132.9,494999295,287050900000.0
254,2021-01-05,14075.15,14215.6,14048.15,14199.5,492475349,308728700000.0
255,2021-01-06,14240.95,14244.15,14039.9,14146.25,632323316,346155500000.0
256,2021-01-07,14253.75,14256.25,14123.1,14137.35,559173512,334464700000.0
257,2021-01-08,14258.4,14367.3,14221.65,14347.25,613472067,376151900000.0
258,2021-01-11,14474.05,14498.2,14383.1,14484.75,672878543,401862100000.0
259,2021-01-12,14473.8,14590.65,14432.85,14563.45,929566952,449761200000.0
260,2021-01-13,14639.8,14653.35,14435.7,14564.85,873956688,446829300000.0
261,2021-01-14,14550.05,14617.8,14471.5,14595.6,620194977,375343700000.0
262,2021-01-15,14594.35,14617.45,14357.85,14433.7,789557216,399121800000.0
263,2021-01-18,14453.3,14459.15,14222.8,14281.3,762043554,417162200000.0
264,2021-01-19,14371.65,14546.05,14350.85,14521.15,546108304,330847900000.0
265,2021-01-20,14538.3,14666.45,14517.55,14644.7,623069963,346393600000.0
266,2021-01-21,14730.95,14753.55,14517.25,14590.35,704646957,419390400000.0
267,2021-01-22,14583.4,14619.9,14357.75,14371.9,776750347,453225400000.0
268,2021-01-25,14477.8,14491.1,14218.6,14238.9,618631493,422783900000.0
269,2021-01-27,14237.95,14237.95,13929.3,13967.5,660711117,405792400000.0
270,2021-01-28,13810.4,13898.25,13713.25,13817.55,637871621,398818200000.0
271,2021-01-29,13946.6,13966.85,13596.75,13634.6,753206122,469182900000.0
272,2021-02-01,13758.6,14336.35,13661.75,14281.2,870529495,518402200000.0
273,2021-02-02,14481.1,14731.7,14469.15,14647.85,914965225,581777400000.0
274,2021-02-03,14754.9,14868.85,14574.15,14789.95,869477087,493123500000.0
275,2021-02-04,14789.05,14913.7,14714.75,14895.65,884686415,478118000000.0
276,2021-02-05,14952.6,15014.65,14864.75,14924.25,935629058,543946300000.0
277,2021-02-08,15064.3,15159.9,15041.05,15115.8,671242694,404839600000.0
278,2021-02-09,15164.15,15257.1,15064.3,15109.3,713279133,419307200000.0
279,2021-02-10,15119.05,15168.25,14977.2,15106.5,624791133,407079700000.0
280,2021-02-11,15073.25,15188.5,15065.4,15173.3,500122414,309334400000.0
281,2021-02-12,15186.2,15243.5,15081.0,15163.3,571808807,323042400000.0
282,2021-02-15,15270.3,15340.15,15243.4,15314.7,455959720,289552900000.0
283,2021-02-16,15371.45,15431.75,15242.2,15313.45,648545320,365500300000.0
284,2021-02-17,15279.9,15314.3,15170.75,15208.9,504767226,340731200000.0
285,2021-02-18,15238.7,15250.75,15078.05,15118.95,770629541,370939900000.0
286,2021-02-19,15074.8,15144.05,14898.2,14981.75,712213821,374193399999.99994
287,2021-02-22,14999.05,15010.1,14635.05,14675.7,609898454,375780700000.0
288,2021-02-23,14782.25,14854.5,14651.85,14707.8,744092809,395080899999.99994
289,2021-02-24,14729.15,15008.8,14723.05,14982.0,403754669,237239900000.00003
290,2021-02-25,15079.85,15176.5,15065.35,15097.35,803883875,429830700000.0
291,2021-02-26,14888.6,14919.45,14467.75,14529.15,1103644519,650129600000.0
292,2021-03-01,14702.5,14806.8,14638.55,14761.55,507302977,300305700000.0
293,2021-03-02,14865.3,14959.1,14760.8,14919.1,621723916,346472600000.0
294,2021-03-03,15064.4,15273.15,14995.8,15245.6,544205583,345677300000.00006
295,2021-03-04,15026.75,15202.35,14980.2,15080.75,534850447,360360199999.99994
296,2021-03-05,14977.95,15092.35,14862.1,14938.1,640700362,378116000000.0
297,2021-03-08,15002.45,15111.15,14919.9,14956.2,580308065,295180700000.0
298,2021-03-09,15049.9,15126.85,14925.45,15098.4,675271251,383654800000.00006
299,2021-03-10,15202.15,15218.45,15100.85,15174.8,404585756,256033200000.0
300,2021-03-12,15321.15,15336.3,14953.6,15030.95,493238854,321959600000.0
301,2021-03-15,15048.4,15048.4,14745.85,14929.5,467473367,281180000000.0
302,2021-03-16,14996.1,15051.6,14890.65,14910.45,437651327,279750700000.0
303,2021-03-17,14946.55,14956.55,14696.05,14721.3,479352147,279835000000.0
304,2021-03-18,14855.5,14875.2,14478.6,14557.85,542216908,313397100000.0
305,2021-03-19,14471.15,14788.25,14350.1,14744.0,919178208,490112699999.99994
306,2021-03-22,14736.3,14763.9,14597.85,14736.4,458997059,273450200000.0
307,2021-03-23,14768.55,14878.6,14707.0,14814.75,474150088,303220900000.0
308,2021-03-24,14712.45,14752.35,14535.0,14549.4,456403503,278689300000.0
309,2021-03-25,14570.9,14575.6,14264.4,14324.9,606820996,353502200000.0
310,2021-03-26,14506.3,14572.9,14414.25,14507.3,481000845,294234500000.0
311,2021-03-30,14628.5,14876.3,14617.6,14845.1,594520567,351179300000.0
312,2021-03-31,14811.85,14813.75,14670.25,14690.7,436874691,297418300000.0
313,2021-04-01,14798.4,14883.2,14692.45,14867.35,430028476,295852300000.0
314,2021-04-05,14837.7,14849.85,14459.5,14637.8,500476690,338853900000.0
315,2021-04-06,14737.0,14779.1,14573.9,14683.5,474211156,318859700000.0
316,2021-04-07,14716.45,14879.8,14649.85,14819.05,476382016,351849600000.0
317,2021-04-08,14875.65,14984.15,14821.1,14873.8,503728173,344445600000.0
318,2021-04-09,14882.65,14918.45,14785.65,14834.85,498347599,350103600000.0
319,2021-04-12,14644.65,14652.5,14248.7,14310.8,638475842,434332400000.0
320,2021-04-13,14364.9,14528.9,14274.9,14504.8,588666016,408465700000.0
321,2021-04-15,14522.4,14597.55,14353.2,14581.45,556851211,401772500000.0
322,2021-04-16,14599.6,14697.7,14559.0,14617.85,568568743,366536500000.0
323,2021-04-19,14306.6,14382.3,14191.4,14359.45,503142904,347519500000.0
324,2021-04-20,14526.7,14526.95,14207.3,14296.4,456704716,346871100000.0
325,2021-04-22,14219.15,14424.75,14151.4,14406.15,516985252,372357100000.0
326,2021-04-23,14326.35,14461.15,14273.3,14341.35,476613608,318946600000.0
327,2021-04-26,14449.45,14557.5,14421.3,14485.0,448533329,331561600000.00006
328,2021-04-27,14493.8,14667.55,14484.85,14653.05,442211685,321811400000.0
329,2021-04-28,14710.5,14890.25,14694.95,14864.55,453990807,376501100000.0
330,2021-04-29,14979.0,15044.35,14814.45,14894.9,511466673,415973700000.0
331,2021-04-30,14747.35,14855.45,14601.7,14631.1,594744498,403358600000.0
332,2021-05-03,14481.05,14673.85,14416.25,14634.15,443410846,325389700000.0
333,2021-05-04,14687.25,14723.4,14461.5,14496.5,479657079,340247699999.99994
334,2021-05-05,14604.15,14637.9,14506.6,14617.85,437261063,289424700000.0
335,2021-05-06,14668.35,14743.9,14611.5,14724.8,445281496,310159500000.0
336,2021-05-07,14816.85,14863.05,14765.5,14823.15,483677266,335833700000.0
337,2021-05-10,14928.25,14966.9,14892.5,14942.35,510598577,316206400000.0
338,2021-05-11,14789.7,14900.0,14771.4,14850.75,616204478,329558200000.0
339,2021-05-12,14823.55,14824.05,14649.7,14696.5,620318215,320352300000.0
340,2021-05-14,14749.4,14749.65,14591.9,14677.8,602738614,391762800000.0
341,2021-05-17,14756.25,14938.0,14725.35,14923.15,534516176,355712800000.0
342,2021-05-18,15067.2,15137.25,15043.7,15108.1,571923125,356347300000.00006
343,2021-05-19,15058.6,15133.4,15008.85,15030.15,563293717,311002100000.0
344,2021-05-20,15042.6,15069.8,14884.9,14906.05,467455658,280025300000.0
345,2021-05-21,14987.8,15190.0,14985.85,15175.3,557730470,319217600000.0
346,2021-05-24,15211.35,15256.25,15145.45,15197.7,566722866,320610400000.0
347,2021-05-25,15291.75,15293.85,15163.4,15208.45,417323446,268719900000.00003
348,2021-05-26,15257.05,15319.9,15194.95,15301.45,377682051,261878300000.00003
349,2021-05-27,15323.95,15384.55,15272.5,15337.85,682374351,482199300000.0
350,2021-05-28,15421.2,15469.65,15394.75,15435.65,455582440,329920800000.0
351,2021-05-31,15437.75,15606.35,15374.0,15582.8,435999456,327392900000.0
352,2021-06-01,15629.65,15660.75,15528.3,15574.85,409562322,279640900000.0
353,2021-06-02,15520.35,15597.45,15459.85,15576.2,428641666,287818700000.0
354,2021-06-03,15655.55,15705.1,15611.0,15690.35,410240584,275194800000.0
355,2021-06-04,15712.5,15733.6,15622.35,15670.25,414162241,253630300000.0
356,2021-06-07,15725.1,15773.45,15678.1,15751.65,393970049,254114800000.0
357,2021-06-08,15773.9,15778.8,15680.0,15740.1,378164658,241721300000.0
358,2021-06-09,15766.3,15800.45,15566.9,15635.35,457855735,269264900000.00003
359,2021-06-10,15692.1,15751.25,15648.5,15737.75,298297041,230329000000.0
360,2021-06-11,15796.45,15835.55,15749.8,15799.35,363011297,245916900000.0
361,2021-06-14,15791.4,15823.05,15606.5,15811.85,392862037,280015000000.0
362,2021-06-15,15866.95,15901.6,15842.4,15869.25,323262818,221812599999.99997
363,2021-06-16,15847.5,15880.85,15742.6,15767.55,340191175,225059500000.0
364,2021-06-17,15648.3,15769.35,15616.75,15691.4,357649243,260484700000.0
365,2021-06-18,15756.5,15761.5,15450.9,15683.35,640821642,420245500000.0
366,2021-06-21,15525.85,15765.15,15505.65,15746.5,351530072,225258900000.0
367,2021-06-22,15840.5,15895.75,15752.1,15772.75,322237561,244404700000.0
368,2021-06-23,15862.8,15862.95,15673.95,15686.95,287536735,232229400000.0
369,2021-06-24,15737.3,15821.4,15702.7,15790.45,316662241,296235800000.0
370,2021-06-25,15839.35,15870.8,15772.3,15860.35,314614380,269332200000.0
371,2021-06-28,15915.35,15915.65,15792.15,15814.7,255099272,187134100000.0
372,2021-06-29,15807.5,15835.9,15724.05,15748.45,360334724,243921300000.0
373,2021-06-30,15776.9,15839.1,15708.75,15721.5,262386323,203797599999.99997
374,2021-07-01,15755.05,15755.55,15667.05,15680.0,224921644,173599700000.0
375,2021-07-02,15705.85,15738.35,15635.95,15722.2,254808999,180154199999.99997
376,2021-07-05,15793.4,15845.95,15762.05,15834.35,207032153,149765400000.0
377,2021-07-06,15813.75,15914.2,15801.0,15818.25,391410742,244560500000.0
378,2021-07-07,15819.6,15893.55,15779.7,15879.65,329308646,222599600000.0
379,2021-07-08,15855.4,15885.75,15682.9,15727.9,307928495,195979500000.0
380,2021-07-09,15688.25,15730.85,15632.75,15689.8,243249366,199768600000.0
381,2021-07-12,15766.8,15789.2,15644.75,15692.6,216272488,184828900000.0
382,2021-07-13,15794.0,15820.8,15744.6,15812.35,246676549,182059700000.0
383,2021-07-14,15808.7,15877.35,15764.2,15853.95,239924352,183728400000.0
384,2021-07-15,15872.15,15952.35,15855.0,15924.2,284851049,209613700000.0
385,2021-07-16,15958.35,15962.25,15882.6,15923.4,276298105,187581300000.0
386,2021-07-19,15754.5,15836.9,15707.5,15752.4,242131813,180887800000.0
387,2021-07-20,15703.95,15728.45,15578.55,15632.1,274284165,213295500000.0
388,2021-07-22,15736.6,15834.8,15726.4,15824.05,265250867,239883900000.0
389,2021-07-23,15856.8,15899.8,15768.4,15856.05,294098244,206858200000.0
390,2021-07-26,15849.3,15893.35,15797.0,15824.45,267076679,194871800000.0
391,2021-07-27,15860.5,15881.55,15701.0,15746.45,311012065,261173400000.0
392,2021-07-28,15761.55,15767.5,15513.45,15709.4,318601589,260904800000.0
393,2021-07-29,15762.7,15817.35,15737.8,15778.45,401584915,294605400000.0
394,2021-07-30,15800.6,15862.8,15744.85,15763.05,400021237,305396300000.0
395,2021-08-02,15874.9,15892.9,15834.65,15885.15,244847433,207669900000.00003
396,2021-08-03,15951.55,16146.9,15914.35,16130.75,341289658,263732400000.00003
397,2021-08-04,16195.25,16290.2,16176.15,16258.8,427337644,324347800000.0
398,2021-08-05,16288.95,16349.45,16210.3,16294.6,418174517,313867800000.0
399,2021-08-06,16304.4,16336.75,16223.3,16238.2,320087281,247161699999.99997
400,2021-08-09,16281.35,16320.75,16179.05,16258.25,240452917,183020300000.0
401,2021-08-10,16274.8,16359.25,16202.25,16280.1,287989486,226003800000.0
402,2021-08-11,16327.3,16338.75,16162.55,16282.25,277895886,203065900000.0
403,2021-08-12,16303.65,16375.5,16286.9,16364.4,280181324,185488700000.0
404,2021-08-13,16385.7,16543.6,16376.3,16529.1,321866286,271630800000.00003
405,2021-08-16,16518.4,16589.4,16480.75,16563.05,254049330,214562000000.0
406,2021-08-17,16545.25,16628.55,16495.4,16614.6,297388470,256964400000.0
407,2021-08-18,16691.95,16701.85,16535.85,16568.85,251796822,227215400000.0
408,2021-08-20,16382.5,16509.55,16376.05,16450.5,350819323,301182300000.0
409,2021-08-23,16592.25,16592.5,16395.7,16496.45,275597782,243557700000.0
410,2021-08-24,16561.4,16647.1,16495.3,16624.6,275362819,249923200000.0
411,2021-08-25,16654.0,16712.45,16617.5,16634.65,265920141,222106000000.0
412,2021-08-26,16627.95,16683.7,16603.4,16636.9,253530997,223202100000.0
413,2021-08-27,16642.55,16722.05,16565.6,16705.2,217405743,204998500000.0
414,2021-08-30,16775.85,16951.5,16764.85,16931.05,283483108,236158700000.0
415,2021-08-31,16947.5,17153.5,16915.85,17132.2,464390247,401478900000.0
416,2021-09-01,17185.6,17225.75,17055.05,17076.25,301894634,276919300000.0
417,2021-09-02,17095.4,17245.5,17059.7,17234.15,242377518,226203600000.0
418,2021-09-03,17262.45,17340.1,17212.2,17323.6,261373795,235791699999.99997
419,2021-09-06,17399.35,17429.55,17345.55,17377.8,228045532,212706200000.0
420,2021-09-07,17401.55,17436.5,17287.0,17362.1,243417811,198489400000.0
421,2021-09-08,17375.75,17383.4,17254.2,17353.5,252652423,226963500000.0
422,2021-09-09,17312.85,17379.65,17302.7,17369.25,241509352,177197800000.0
423,2021-09-13,17363.55,17378.35,17269.15,17355.3,241053924,184986300000.0
424,2021-09-14,17420.35,17438.55,17367.05,17380.0,230354386,187028200000.0
425,2021-09-15,17387.65,17532.7,17386.9,17519.45,388191629,242568000000.0
426,2021-09-16,17539.2,17644.6,17510.45,17629.5,503310763,301897700000.0
427,2021-09-17,17709.65,17792.95,17537.65,17585.15,508285916,433455800000.0
428,2021-09-20,17443.85,17622.75,17361.8,17396.9,339102046,253042700000.0
429,2021-09-21,17450.5,17578.35,17326.1,17562.0,363578479,265209900000.00003
430,2021-09-22,17580.9,17610.45,17524.0,17546.65,295191136,217722300000.0
431,2021-09-23,17670.85,17843.9,17646.55,17822.95,320514486,250053600000.0
432,2021-09-24,17897.45,17947.65,17819.4,17853.2,360130853,307875900000.0
433,2021-09-27,17932.2,17943.5,17802.9,17855.1,295714657,242449800000.0
434,2021-09-28,17906.45,17912.85,17576.1,17748.6,397997281,270553600000.0
435,2021-09-29,17657.95,17781.75,17608.15,17711.3,562237732,306212800000.0
436,2021-09-30,17718.9,17742.15,17585.35,17618.15,378592721,271671900000.0
437,2021-10-01,17531.9,17557.15,17452.9,17532.05,305763919,209116100000.0
438,2021-10-04,17615.55,17750.9,17581.35,17691.25,295761839,213435099999.99997
439,2021-10-05,17661.35,17833.45,17640.9,17822.3,427000191,230668000000.0
440,2021-10-06,17861.5,17884.6,17613.15,17646.0,395833550,245043000000.0
441,2021-10-07,17810.55,17857.55,17763.8,17790.35,419890959,273719800000.0
442,2021-10-08,17886.85,17941.85,17840.35,17895.2,324066351,227786800000.0
443,2021-10-11,17867.55,18041.95,17839.1,17945.95,375756457,290002000000.0
444,2021-10-12,17915.8,18008.65,17864.95,17991.95,355568313,264914199999.99997
445,2021-10-13,18097.85,18197.8,18050.75,18161.75,506679748,345030000000.0
446,2021-10-14,18272.85,18350.75,18248.7,18338.55,538714440,389031600000.00006
447,2021-10-18,18500.1,18543.15,18445.3,18477.05,469883515,368008399999.99994
448,2021-10-19,18602.35,18604.45,18377.7,18418.75,368230309,305058600000.0
449,2021-10-20,18439.9,18458.3,18209.35,18266.6,371276478,289684200000.0
450,2021-10-21,18382.7,18384.2,18048.0,18178.1,365902008,308397900000.0
451,2021-10-22,18230.7,18314.25,18034.35,18114.9,324748084,269388800000.0
452,2021-10-25,18229.5,18241.4,17968.5,18125.4,418703647,345723399999.99994
453,2021-10-26,18154.5,18310.45,18099.3,18268.4,341377869,297646100000.0
454,2021-10-27,18295.85,18342.05,18167.9,18210.95,335248487,308237500000.0
455,2021-10-28,18187.65,18190.7,17799.45,17857.25,374205784,302223400000.0
456,2021-10-29,17833.05,17915.85,17613.1,17671.65,336466864,281360000000.0
457,2021-11-01,17783.15,17954.1,17697.1,17929.65,281190130,243543800000.0
458,2021-11-02,17970.9,18012.25,17847.6,17888.95,296441997,233715099999.99997
459,2021-11-03,17947.95,17988.75,17757.95,17829.2,330995982,261868500000.0
460,2021-11-04,17935.05,17947.55,17900.6,17916.8,48520856,36370600000.0
461,2021-11-08,18040.2,18087.8,17836.1,18068.55,338919483,309082300000.0
462,2021-11-09,18084.35,18112.6,17983.05,18044.25,270197527,236860900000.0
463,2021-11-10,17973.45,18061.25,17915.0,18017.2,261446523,222811100000.0
464,2021-11-11,17967.45,17971.35,17798.2,17873.6,232121151,200747800000.0
465,2021-11-12,17977.6,18123.0,17905.9,18102.75,249111898,221643300000.00003
466,2021-11-15,18140.95,18210.15,18071.3,18109.45,280428633,190996000000.0
467,2021-11-16,18127.05,18132.65,17958.8,17999.2,267431829,241016699999.99997
468,2021-11-17,17939.35,18022.65,17879.25,17898.65,295715938,229508400000.0
469,2021-11-18,17890.55,17945.6,17688.5,17764.8,278425148,226253600000.0
470,2021-11-22,17796.25,17805.25,17280.45,17416.55,356400425,295705700000.0
471,2021-11-23,17281.75,17553.7,17216.1,17503.35,308843255,262404100000.0
472,2021-11-24,17550.05,17600.6,17354.0,17415.05,298052158,237669300000.0
473,2021-11-25,17417.3,17564.35,17351.7,17536.25,255947032,219533300000.00003
474,2021-11-26,17338.75,17355.4,16985.7,17026.45,356330009,284855300000.0
475,2021-11-29,17055.8,17160.7,16782.4,17053.95,348888750,274282000000.0
476,2021-11-30,17051.15,17324.65,16931.4,16983.2,497999836,414949000000.0
477,2021-12-01,17104.4,17213.05,17064.25,17166.9,295542125,240987300000.0
478,2021-12-02,17183.2,17420.35,17149.3,17401.65,279867500,224736400000.0
479,2021-12-03,17424.9,17489.8,17180.8,17196.7,292526485,231005700000.0
480,2021-12-06,17209.05,17216.75,16891.7,16912.25,231716681,179121500000.0
481,2021-12-07,17044.1,17251.65,16987.75,17176.7,254144221,216936900000.0
482,2021-12-08,17315.25,17484.6,17308.95,17469.75,257791948,216659500000.0
483,2021-12-09,17524.4,17543.25,17379.6,17516.85,237170272,189847500000.0
484,2021-12-10,17476.05,17534.35,17405.25,17511.3,204467484,163995300000.0
485,2021-12-13,17619.1,17639.5,17355.95,17368.25,256560534,205920300000.0
486,2021-12-14,17283.2,17376.2,17225.8,17324.9,270965586,204597900000.0
487,2021-12-15,17323.65,17351.2,17192.2,17221.4,214972109,170464199999.99997
488,2021-12-16,17373.0,17379.35,17184.95,17248.4,219496063,184935400000.0
489,2021-12-17,17276.0,17298.15,16966.45,16985.2,354591366,313269100000.0
490,2021-12-20,16824.25,16840.1,16410.2,16614.2,330614079,251235900000.0
491,2021-12-21,16773.15,16936.4,16688.25,16770.85,241030834,197830400000.0
492,2021-12-22,16865.55,16971.0,16819.5,16955.45,207946105,174439400000.0
493,2021-12-23,17066.8,17118.65,17015.55,17072.6,196965302,157558900000.0
494,2021-12-24,17149.5,17155.6,16909.6,17003.75,182564833,154350100000.0
495,2021-12-27,16937.75,17112.05,16833.2,17086.25,144777457,125670300000.0
496,2021-12-28,17177.6,17250.25,17161.15,17233.25,176026100,145537600000.0
497,2021-12-29,17220.1,17285.95,17176.65,17213.6,161679423,143207900000.0
498,2021-12-30,17201.45,17264.05,17146.35,17203.95,320831676,219291900000.0
499,2021-12-31,17244.5,17400.8,17238.5,17354.05,167025720,145885400000.0
500,2022-01-03,17387.15,17646.65,17383.3,17625.7,200456430,161813600000.0
501,2022-01-04,17681.4,17827.6,17593.55,17805.25,247437472,186041600000.0
502,2022-01-05,17820.1,17944.7,17748.85,17925.25,251460038,237373100000.0
503,2022-01-06,17768.5,17797.95,17655.55,17745.9,236454824,226438200000.0
504,2022-01-07,17797.6,17905.0,17704.55,17812.7,239338015,214478900000.0
505,2022-01-10,17913.3,18017.45,17879.15,18003.3,232418075,208536400000.0
506,2022-01-11,17997.75,18081.25,17964.4,18055.75,220238796,207814600000.0
507,2022-01-12,18170.4,18227.95,18128.8,18212.35,244974287,222986900000.0
508,2022-01-13,18257.0,18272.25,18163.8,18257.8,303700545,286709300000.0
509,2022-01-14,18185.0,18286.95,18119.65,18255.75,229451608,210245099999.99997
510,2022-01-17,18235.65,18321.55,18228.75,18308.1,266702919,238593800000.0
511,2022-01-18,18337.2,18350.95,18085.9,18113.05,227507319,208526699999.99997
512,2022-01-19,18129.2,18129.2,17884.9,17938.4,276662654,253101900000.0
513,2022-01-20,17921.0,17943.7,17648.45,17757.0,258094246,258632900000.0
514,2022-01-21,17613.7,17707.6,17485.85,17617.15,277645373,259416400000.0
515,2022-01-24,17575.15,17599.4,16997.85,17149.1,323847388,283877300000.0
516,2022-01-25,17001.55,17309.15,16836.8,17277.95,326515896,313444600000.0
517,2022-01-27,17062.0,17182.5,16866.75,17110.15,395596577,362966400000.0
518,2022-01-28,17208.3,17373.5,17077.1,17101.95,355284285,297998900000.0
519,2022-01-31,17301.05,17410.0,17264.15,17339.85,321660346,254741300000.0
520,2022-02-01,17529.45,17622.4,17244.55,17576.85,386391485,300336600000.0
521,2022-02-02,17706.2,17794.6,17674.8,17780.0,271205907,236115900000.0
522,2022-02-03,17767.75,17781.15,17511.15,17560.2,226614989,203730600000.0
523,2022-02-04,17590.2,17617.8,17462.55,17516.3,261434170,206518500000.0
524,2022-02-07,17456.3,17536.75,17119.4,17213.6,265037933,219251100000.0
525,2022-02-08,17279.85,17306.45,17043.65,17266.75,268526210,238461600000.0
526,2022-02-09,17370.1,17477.15,17339.0,17463.8,236350514,193276699999.99997
527,2022-02-10,17554.1,17639.45,17427.15,17605.85,273606440,222109300000.0
528,2022-02-11,17451.0,17454.75,17303.0,17374.75,253141660,232308200000.0
529,2022-02-14,17076.15,17099.5,16809.65,16842.8,305510740,249761600000.0
530,2022-02-15,16933.25,17375.0,16839.25,17352.45,298658142,247656699999.99997
531,2022-02-16,17408.45,17490.6,17257.7,17322.2,244549223,211283800000.0
532,2022-02-17,17396.55,17442.9,17235.85,17304.6,232136131,193812599999.99997
533,2022-02-18,17236.05,17380.8,17219.2,17276.3,189620888,161269600000.0
534,2022-02-21,17192.25,17351.05,17070.7,17206.65,215183301,187255700000.0
535,2022-02-22,16847.95,17148.55,16843.8,17092.2,300131995,240408400000.0
536,2022-02-23,17194.5,17220.7,17027.85,17063.25,200229631,176624700000.0
537,2022-02-24,16548.9,16705.25,16203.25,16247.95,457967874,366508300000.0
538,2022-02-25,16515.65,16748.8,16478.3,16658.4,329780732,257437700000.0
539,2022-02-28,16481.6,16815.9,16356.3,16793.9,404214666,338315700000.0
540,2022-03-02,16593.1,16678.5,16478.65,16605.95,517723542,394074400000.0
541,2022-03-03,16723.2,16768.95,16442.95,16498.05,442068263,314130000000.0
542,2022-03-04,16339.45,16456.0,16133.8,16245.35,456143040,348211000000.0
543,2022-03-07,15867.95,15944.6,15711.45,15863.15,585403660,380387500000.0
544,2022-03-08,15747.75,16028.75,15671.45,16013.45,543600673,387044000000.0
545,2022-03-09,16078.0,16418.05,15990.0,16345.35,462231428,353293399999.99994
546,2022-03-10,16757.1,16757.3,16447.9,16594.9,486445481,355137300000.00006
547,2022-03-11,16528.8,16694.4,16470.9,16630.45,343717045,247203400000.0
548,2022-03-14,16633.7,16887.95,16606.5,16871.3,314669685,238240200000.0
549,2022-03-15,16900.65,16927.75,16555.0,16663.0,381631902,297310900000.0
550,2022-03-16,16876.65,16987.9,16837.85,16975.35,259973396,213613200000.0
551,2022-03-17,17202.9,17344.6,17175.75,17287.05,448335248,353672800000.0
552,2022-03-21,17329.5,17353.35,17096.4,17117.6,285451208,228863900000.0
553,2022-03-22,17120.4,17334.4,17006.3,17315.5,338263468,273476000000.0
554,2022-03-23,17405.05,17442.4,17199.6,17245.65,292120348,247052800000.0
555,2022-03-24,17094.95,17291.75,17091.15,17222.75,290280124,250117200000.0
556,2022-03-25,17289.0,17294.9,17076.55,17153.0,237115741,200313900000.0
557,2022-03-28,17181.85,17235.1,17003.9,17222.0,253240837,199762599999.99997
558,2022-03-29,17297.2,17343.65,17235.7,17325.3,235149625,203057800000.0
559,2022-03-30,17468.15,17522.5,17387.2,17498.25,505031841,289074700000.0
560,2022-03-31,17519.2,17559.8,17435.2,17464.75,281111679,240320700000.0
561,2022-04-01,17436.9,17703.7,17422.7,17670.45,291773447,211321300000.0
562,2022-04-04,17809.1,18114.65,17791.4,18053.4,345526502,386239400000.0
563,2022-04-05,18080.6,18095.45,17921.55,17957.4,283453612,250967000000.0
564,2022-04-06,17842.75,17901.0,17779.85,17807.65,328824420,242524800000.0
565,2022-04-07,17723.3,17787.5,17623.7,17639.55,308840215,262369100000.0
566,2022-04-08,17698.15,17842.75,17600.55,17784.35,274447433,256081000000.0
567,2022-04-11,17740.9,17779.05,17650.95,17674.95,251701846,210015800000.00003
568,2022-04-12,17584.85,17595.3,17442.35,17530.3,266029060,239587700000.0
569,2022-04-13,17599.9,17663.65,17457.4,17475.65,245061941,202298300000.00003
570,2022-04-18,17183.45,17237.75,17067.85,17173.65,376130248,301546200000.0
571,2022-04-19,17258.95,17275.65,16824.7,16958.65,401399563,354671300000.0
572,2022-04-20,17045.25,17186.9,16978.95,17136.55,286069736,259721500000.0
573,2022-04-21,17234.6,17414.7,17215.5,17392.6,285200022,249999000000.0
574,2022-04-22,17242.75,17315.3,17149.2,17171.95,262739740,233717000000.0
575,2022-04-25,17009.05,17054.3,16888.7,16953.95,275685925,226996500000.0
576,2022-04-26,17121.3,17223.85,17064.45,17200.8,261065753,220799199999.99997
577,2022-04-27,17073.35,17110.7,16958.45,17038.4,265140480,253738000000.0
578,2022-04-28,17189.5,17322.5,17071.05,17245.05,312914417,284888700000.0
579,2022-04-29,17329.25,17377.65,17053.25,17102.55,336243642,295828600000.0
580,2022-05-02,16924.45,17092.25,16917.25,17069.1,278155513,212226400000.0
581,2022-05-04,17096.6,17132.85,16623.95,16677.6,310632799,274055200000.0
582,2022-05-05,16854.75,16945.7,16651.85,16682.65,265793403,217929100000.0
583,2022-05-06,16415.55,16484.2,16340.9,16411.25,300527719,254729500000.0
584,2022-05-09,16227.7,16403.7,16142.1,16301.85,288402950,232747400000.00003
585,2022-05-10,16248.9,16404.55,16197.3,16240.05,283061200,226852700000.0
586,2022-05-11,16270.05,16318.75,15992.6,16167.1,284294438,229943800000.0
587,2022-05-12,16021.1,16041.95,15735.75,15808.0,314921678,253523400000.0
588,2022-05-13,15977.0,16083.6,15740.85,15782.15,369135540,274541200000.0
589,2022-05-16,15845.1,15977.95,15739.65,15842.3,217646558,178521900000.0
590,2022-05-17,15912.6,16284.25,15900.8,16259.3,295687774,227829900000.00003
591,2022-05-18,16318.15,16399.8,16211.2,16240.3,290441105,238898400000.0
592,2022-05-19,15917.4,15984.75,15775.2,15809.4,313876082,243408400000.0
593,2022-05-20,16043.8,16283.05,16003.85,16266.15,252402013,228066900000.0
594,2022-05-23,16290.95,16414.7,16185.75,16214.7,293829853,251108500000.0
595,2022-05-24,16225.55,16262.8,16078.6,16125.15,249778296,218957500000.0
596,2022-05-25,16196.35,16223.35,16006.95,16025.8,243342347,214001400000.0
597,2022-05-26,16105.0,16204.45,15903.7,16170.15,314305739,277212100000.0
598,2022-05-27,16296.6,16370.6,16221.95,16352.45,274064956,213419800000.0
599,2022-05-30,16527.9,16695.5,16506.15,16661.4,251400757,212165000000.0
600,2022-05-31,16578.45,16690.75,16521.9,16584.55,651613610,529293500000.0
601,2022-06-01,16594.4,16649.2,16438.85,16522.75,249619038,193503300000.00003
602,2022-06-02,16481.65,16646.4,16443.05,16628.0,235958283,200558400000.0
603,2022-06-03,16761.65,16793.85,16567.9,16584.3,245514871,222492900000.0
604,2022-06-06,16530.7,16610.95,16444.55,16569.55,233589132,179994100000.0
605,2022-06-07,16469.6,16487.25,16347.1,16416.35,233814633,179219500000.0
606,2022-06-08,16474.95,16514.3,16293.35,16356.25,243481044,183361500000.0
607,2022-06-09,16263.85,16492.8,16243.85,16478.1,204954394,167216800000.0
608,2022-06-10,16283.95,16324.7,16172.6,16201.8,189680523,183880300000.0
609,2022-06-13,15877.55,15886.15,15684.0,15774.4,225534385,200026400000.0
610,2022-06-14,15674.25,15858.0,15659.45,15732.1,225425862,198254100000.0
611,2022-06-15,15729.25,15783.65,15678.9,15692.15,183011236,160632400000.0
612,2022-06-16,15832.25,15863.15,15335.1,15360.6,264735957,213830600000.0
613,2022-06-17,15272.65,15400.4,15183.4,15293.5,342629997,290740000000.0
614,2022-06-20,15334.5,15382.5,15191.1,15350.15,260022438,185317800000.0
615,2022-06-21,15455.95,15707.25,15419.85,15638.8,262794687,189342700000.0
616,2022-06-22,15545.65,15565.4,15385.95,15413.3,220889589,168170700000.0
617,2022-06-23,15451.55,15628.45,15367.5,15556.65,259171810,217220600000.0
618,2022-06-24,15657.4,15749.25,15619.45,15699.25,219599372,182597200000.0
619,2022-06-27,15926.2,15927.45,15815.5,15832.05,210932505,177704199999.99997
620,2022-06-28,15757.45,15892.1,15710.15,15850.2,251865155,184197500000.0
621,2022-06-29,15701.7,15861.6,15687.8,15799.1,444949551,225285700000.0
622,2022-06-30,15774.5,15890.0,15728.85,15780.25,306027777,239706500000.0
623,2022-07-01,15703.7,15793.95,15511.05,15752.05,364090131,258919400000.0
624,2022-07-04,15710.5,15852.35,15661.8,15835.35,304328467,198752200000.0
625,2022-07-05,15909.15,16025.75,15785.45,15810.85,254164463,191296000000.0
626,2022-07-06,15818.2,16011.35,15800.9,15989.8,288375300,228367700000.0
627,2022-07-07,16113.75,16150.5,16045.95,16132.9,264615218,214653300000.00003
628,2022-07-08,16273.65,16275.5,16157.9,16220.6,281102369,209906900000.0
629,2022-07-11,16136.15,16248.55,16115.5,16216.0,255915072,202406900000.0
630,2022-07-12,16126.2,16158.75,16031.15,16058.3,208648707,160425200000.0
631,2022-07-13,16128.2,16140.0,15950.15,15966.65,233264100,196496600000.0
632,2022-07-14,16018.85,16070.85,15858.2,15938.65,228603433,188588300000.00003
633,2022-07-15,16010.8,16066.95,15927.3,16049.2,205768079,170314300000.0
634,2022-07-18,16151.4,16287.95,16142.2,16278.5,227744850,194209300000.0
635,2022-07-19,16187.05,16359.5,16187.05,16340.55,222630928,180685900000.0
636,2022-07-20,16562.8,16588.0,16490.95,16520.85,284359582,220618100000.0
637,2022-07-21,16523.55,16626.95,16483.9,16605.25,243625339,206031699999.99997
638,2022-07-22,16661.25,16752.25,16610.9,16719.45,190906776,186001100000.0
639,2022-07-25,16662.55,16706.05,16564.25,16631.0,211392171,193844300000.0
640,2022-07-26,16632.9,16636.1,16463.3,16483.85,208208122,200875400000.0
641,2022-07-27,16475.35,16653.45,16438.75,16641.8,185210970,176080300000.0
642,2022-07-28,16774.85,16947.65,16746.25,16929.6,376256315,266742800000.0
643,2022-07-29,17079.5,17172.8,17018.15,17158.25,436059722,282412900000.0
644,2022-08-01,17243.2,17356.25,17154.8,17340.05,381532671,232210400000.0
645,2022-08-02,17310.15,17390.15,17215.85,17345.45,333639093,225769400000.0
646,2022-08-03,17349.25,17407.5,17225.85,17388.15,285414666,208421300000.0
647,2022-08-04,17463.1,17490.7,17161.25,17382.0,324981426,218482100000.0
648,2022-08-05,17423.65,17474.4,17348.75,17397.5,355310802,200131400000.0
649,2022-08-08,17401.5,17548.8,17359.75,17525.1,256994113,184752100000.0
650,2022-08-10,17566.1,17566.1,17442.8,17534.75,312716544,219523500000.0
651,2022-08-11,17711.65,17719.3,17631.95,17659.0,311247237,204765300000.0
652,2022-08-12,17659.65,17724.65,17597.85,17698.15,303872483,184224700000.0
653,2022-08-16,17797.2,17839.1,17764.05,17825.25,278042725,184952700000.0
654,2022-08-17,17868.15,17965.95,17833.35,17944.25,262768582,212095400000.0
655,2022-08-18,17898.65,17968.45,17852.05,17956.5,263914197,184416800000.0
656,2022-08-19,17966.55,17992.2,17710.75,17758.45,295627263,215319900000.00003
657,2022-08-22,17682.9,17690.05,17467.35,17490.7,287559133,196054400000.0
658,2022-08-23,17357.35,17625.55,17345.2,17577.5,285616338,203658000000.0
659,2022-08-24,17525.45,17623.65,17499.25,17604.95,261953239,178198800000.0
660,2022-08-25,17679.0,17726.5,17487.45,17522.45,230181848,175667000000.0
661,2022-08-26,17619.3,17685.85,17519.35,17558.9,266636238,175008000000.0
662,2022-08-29,17188.65,17380.15,17166.2,17312.9,244854637,193515000000.0
663,2022-08-30,17414.95,17777.65,17401.5,17759.3,324687477,262842599999.99997
664,2022-09-01,17485.7,17695.6,17468.45,17542.8,308526598,268139500000.0
665,2022-09-02,17598.4,17643.85,17476.45,17539.45,256268616,195488800000.0
666,2022-09-05,17546.45,17683.15,17540.35,17665.8,230309013,170112599999.99997
667,2022-09-06,17695.7,17764.65,17587.65,17655.6,251204527,175210900000.0
668,2022-09-07,17519.4,17650.75,17484.3,17624.4,354137885,254195000000.0
669,2022-09-08,17748.15,17807.65,17691.95,17798.75,279845682,199252500000.0
670,2022-09-09,17923.35,17925.95,17786.0,17833.35,270299618,205640600000.0
671,2022-09-12,17890.85,17980.55,17889.15,17936.35,228242025,176481699999.99997
672,2022-09-13,18044.45,18088.3,18015.45,18070.05,259922741,210390800000.00003
673,2022-09-14,17771.15,18091.55,17771.15,18003.75,365866933,266119600000.0
674,2022-09-15,18046.35,18096.15,17861.5,17877.4,289637528,220077800000.0
675,2022-09-16,17796.8,17820.05,17497.25,17530.85,468464263,360138900000.0
676,2022-09-19,17540.65,17667.2,17429.7,17622.25,258329581,195489900000.00003
677,2022-09-20,17770.4,17919.3,17744.4,17816.25,263100874,204566900000.0
678,2022-09-21,17766.35,17838.7,17663.6,17718.35,245532498,198167800000.0
679,2022-09-22,17609.65,17722.75,17532.45,17629.8,284094023,213039600000.0
680,2022-09-23,17593.85,17642.15,17291.65,17327.35,390754862,237505300000.0
681,2022-09-26,17156.3,17196.4,16978.3,17016.3,492002942,275330100000.0
682,2022-09-27,17110.9,17176.45,16942.35,17007.4,359895458,227128000000.0
683,2022-09-28,16870.55,17037.6,16820.4,16858.6,323922457,214009300000.0
684,2022-09-29,16993.6,17026.05,16788.6,16818.1,340034380,247586300000.0
685,2022-09-30,16798.05,17187.1,16747.7,17094.35,380204763,262056300000.0
686,2022-10-03,17102.1,17114.65,16855.55,16887.35,285850587,218605400000.0
687,2022-10-04,17147.45,17287.3,17117.3,17274.3,231601639,184804300000.0
688,2022-10-06,17379.25,17428.8,17315.65,17331.8,268239320,204044600000.0
689,2022-10-07,17287.2,17337.35,17216.95,17314.65,216273136,170432599999.99997
690,2022-10-10,17094.35,17280.15,17064.7,17241.0,234005512,162206700000.0
691,2022-10-11,17256.05,17261.8,16950.3,16983.55,282617982,221783700000.0
692,2022-10-12,17025.55,17142.35,16960.05,17123.6,256037322,180984100000.0
693,2022-10-13,17087.35,17112.35,16956.95,17014.35,266438674,181896400000.0
694,2022-10-14,17322.3,17348.55,17169.75,17185.7,226997138,178134700000.0
695,2022-10-17,17144.8,17328.55,17098.55,17311.8,212223419,168878300000.00003
696,2022-10-18,17438.75,17527.8,17434.05,17486.95,239493630,182249500000.0
697,2022-10-19,17568.15,17607.6,17472.85,17512.25,210480869,172007900000.0
698,2022-10-20,17423.1,17584.15,17421.0,17563.95,249604832,183456000000.0
699,2022-10-21,17622.85,17670.15,17520.75,17576.3,277702680,235473800000.0
700,2022-10-24,17736.35,17777.55,17707.4,17730.75,45029477,37724900000.0
701,2022-10-25,17808.3,17811.5,17637.0,17656.35,251358203,203383200000.0
702,2022-10-27,17771.4,17783.9,17654.5,17736.95,324649088,241663000000.0
703,2022-10-28,17756.4,17838.9,17723.7,17786.8,250030113,190995900000.0
704,2022-10-31,17910.2,18022.8,17899.9,18012.2,227174539,198464700000.0
705,2022-11-01,18130.7,18175.8,18060.15,18145.4,349924808,267965900000.0
706,2022-11-02,18177.9,18178.75,18048.65,18082.85,270878019,200726200000.0
707,2022-11-03,17968.35,18106.3,17959.2,18052.7,212968291,160377800000.0
708,2022-11-04,18053.4,18135.1,18017.15,18117.15,267941526,210625400000.0
709,2022-11-07,18211.75,18255.5,18064.75,18202.8,314758398,251248400000.0
710,2022-11-09,18288.25,18296.4,18117.5,18157.0,307155149,233445800000.00003
711,2022-11-10,18044.35,18103.1,17969.4,18028.2,256451785,198480600000.0
712,2022-11-11,18272.35,18362.3,18259.35,18349.7,378469072,307321100000.0
713,2022-11-14,18376.4,18399.45,18311.4,18329.15,301401961,216976600000.0
714,2022-11-15,18362.75,18427.95,18282.0,18403.4,250926391,178361900000.0
715,2022-11-16,18398.25,18442.15,18344.15,18409.65,219268992,197328700000.0
716,2022-11-17,18358.7,18417.6,18312.95,18343.9,200512910,164103600000.0
717,2022-11-18,18382.95,18394.6,18209.8,18307.65,198794846,165536900000.0
718,2022-11-21,18246.4,18262.3,18133.35,18159.95,213794598,150375000000.0
719,2022-11-22,18179.15,18261.85,18137.7,18244.2,177681099,147509800000.0
720,2022-11-23,18325.2,18325.4,18246.0,18267.25,178791087,156744500000.0
721,2022-11-24,18326.1,18529.7,18294.25,18484.1,204044559,182183500000.0
722,2022-11-25,18528.45,18534.9,18445.1,18512.75,205876043,171128000000.0
723,2022-11-28,18430.55,18614.25,18365.6,18562.75,206468884,190069199999.99997
724,2022-11-29,18552.45,18678.1,18552.15,18618.05,195255179,165681699999.99997
725,2022-11-30,18625.7,18816.05,18616.55,18758.35,345636288,327572100000.0
726,2022-12-01,18871.95,18887.6,18778.2,18812.5,324955829,222166500000.0
727,2022-12-02,18752.4,18781.95,18639.2,18696.1,254401004,202337599999.99997
728,2022-12-05,18719.55,18728.6,18591.35,18701.05,288393766,194718300000.00003
729,2022-12-06,18600.65,18654.9,18577.9,18642.75,217777090,177722700000.0
730,2022-12-07,18638.85,18668.3,18528.4,18560.5,200501720,174968000000.0
731,2022-12-08,18570.85,18625.0,18536.95,18609.35,202811256,192776500000.0
732,2022-12-09,18662.4,18664.7,18410.1,18496.6,215839572,203177800000.0
733,2022-12-12,18402.15,18521.55,18345.7,18497.15,193883468,166882000000.0
734,2022-12-13,18524.4,18617.25,18490.2,18608.0,187585567,165361699999.99997
735,2022-12-14,18671.25,18696.1,18632.9,18660.3,208030337,166260000000.0
736,2022-12-15,18614.4,18652.9,18387.7,18414.9,183127544,156185500000.0
737,2022-12-16,18319.1,18440.95,18255.15,18269.0,277650193,232929500000.0
738,2022-12-19,18288.1,18431.65,18244.55,18420.45,154847475,144552300000.0
739,2022-12-20,18340.3,18404.9,18202.65,18385.3,169041783,150385600000.0
740,2022-12-21,18435.15,18473.35,18162.75,18199.1,187594274,172234400000.0
741,2022-12-22,18288.8,18318.75,18068.6,18127.35,195699650,167252300000.0
742,2022-12-23,17977.65,18050.45,17779.5,17806.8,221454773,184869400000.0
743,2022-12-26,17830.4,18084.1,17774.25,18014.6,176652342,137082099999.99998
744,2022-12-27,18089.8,18149.25,17967.45,18132.3,214257094,130006400000.0
745,2022-12-28,18084.75,18173.1,18068.35,18122.5,193873167,139975900000.0
746,2022-12-29,18045.7,18229.7,17992.8,18191.0,281052828,184660500000.0
747,2022-12-30,18259.1,18265.25,18080.3,18105.3,192005563,144752200000.0
748,2023-01-02,18131.7,18215.15,18086.5,18197.45,256073979,117930600000.0
749,2023-01-03,18163.2,18251.95,18149.8,18232.55,208699772,136809100000.0
750,2023-01-04,18230.65,18243.0,18020.6,18042.95,235162202,166877100000.0
751,2023-01-05,18101.95,18120.3,17892.6,17992.15,269949738,221085300000.0
752,2023-01-06,18008.05,18047.4,17795.55,17859.45,238220578,174952500000.0
753,2023-01-09,17952.55,18141.4,17936.15,18101.2,257237669,199161600000.0
754,2023-01-10,18121.3,18127.6,17856.0,17914.15,283277918,205703000000.0
755,2023-01-11,17924.25,17976.35,17824.35,17895.7,259853294,202043300000.00003
756,2023-01-12,17920.85,17945.8,17761.65,17858.2,227769060,197624300000.0
757,2023-01-13,17867.5,17999.35,17774.25,17956.6,256700729,213417000000.0
758,2023-01-16,18033.15,18049.65,17853.65,17894.85,206195816,167283700000.0
759,2023-01-17,17922.8,18072.05,17886.95,18053.3,219055125,174610900000.0
760,2023-01-18,18074.3,18183.75,18032.45,18165.35,255840928,205000700000.0
761,2023-01-19,18119.8,18155.2,18063.75,18107.85,237833991,184131300000.0
762,2023-01-20,18115.6,18145.45,18016.2,18027.65,237225269,195199600000.0
763,2023-01-23,18118.45,18162.6,18063.45,18118.55,202460434,170601200000.0
764,2023-01-24,18183.95,18201.25,18078.65,18118.3,216910302,197059100000.0
765,2023-01-25,18093.35,18100.6,17846.15,17891.95,257227052,208905600000.0
766,2023-01-27,17877.2,17884.75,17493.55,17604.35,476342611,401048300000.0
767,2023-01-30,17541.95,17709.15,17405.55,17648.95,432434028,381598800000.0
768,2023-01-31,17731.45,17735.7,17537.55,17662.15,398338541,350237000000.0
769,2023-02-01,17811.6,17972.2,17353.4,17616.3,512870802,384861900000.0
770,2023-02-02,17517.1,17653.9,17445.95,17610.4,490113567,376399600000.0
771,2023-02-03,17721.75,17870.3,17584.2,17854.05,424123037,345036700000.0
772,2023-02-06,17818.55,17823.7,17698.35,17764.6,282544790,218648800000.0
773,2023-02-07,17790.1,17811.15,17652.55,17721.5,354395693,236110800000.00003
774,2023-02-08,17750.3,17898.7,17744.15,17871.7,290994265,237334000000.0
775,2023-02-09,17885.5,17916.9,17779.8,17893.45,260854055,215299700000.0
